Filename,Label,Contrast0,Contrast45,Contrast90,Contrast135,Homogeneity0,Homogeneity45,Homogeneity90,Homogeneity135,Dissimilarity0,Dissimilarity45,Dissimilarity90,Dissimilarity135,Entropy0,Entropy45,Entropy90,Entropy135,ASM0,ASM45,ASM90,ASM135,Energy0,Energy45,Energy90,Energy135,Correlation0,Correlation45,Correlation90,Correlation135
0012b9d2-2130-4a06-a834-b1f3af34f57e___RS_Erly.B 8389.JPG,Tomato___Early_blight,259.7676317401961,475.5075893886967,224.68812806372554,304.77996155324877,0.30750170676402544,0.210829509016339,0.311726644545455,0.22697935010589276,8.374188112745099,12.109880815071127,8.122227328431373,10.100284505959248,8.10488531757835,8.47663707133976,8.087747097422442,8.348785536214827,0.0006296463922004159,0.0003712615781851862,0.0006282650640679068,0.0004082993542985641,0.025092755771345957,0.019268149319153258,0.025065216218255665,0.020206418641079475,0.9741557157002858,0.9525598974572671,0.9775664185351994,0.9695929344278585
0034a551-9512-44e5-ba6c-827f85ecc688___RS_Erly.B 9432.JPG,Tomato___Early_blight,119.50243566176471,226.29151864667438,156.17218137254906,244.64673587081893,0.3507331977033525,0.2619705461160313,0.3400578876068805,0.2520874008007895,5.948728553921569,8.446658977316417,6.632843137254903,8.807873894655902,7.776429559518499,8.12106050390323,7.867121594047785,8.161899205367538,0.0008772616329581772,0.0005782201001862325,0.0008143535351487412,0.0005562953118466103,0.02961860281914353,0.024046207605072208,0.02853688026306907,0.023585913419806544,0.9886332904087969,0.9784376399563843,0.9851225667985228,0.9766885048917548
004cbe60-8ff9-4965-92df-e86694d5e9ba___RS_Erly.B 8253.JPG,Tomato___Early_blight,289.6949601715686,493.9160784313726,344.6181372549019,563.1081430219147,0.3080860199688972,0.22714480530477993,0.3167118185286787,0.2254047346214565,9.239629289215685,12.271418685121109,9.175,12.879430988081507,8.499647420999686,8.801451509698442,8.464686060150115,8.831641558056267,0.000461926429100286,0.0003003547122990138,0.00049289854431739,0.000303644015898419,0.021492473778052773,0.017330744712764475,0.0222013185265513,0.01742538423962063,0.9710781334764084,0.9505775919464724,0.9656481872195849,0.9436542610080045
0114f7b3-7f56-4bef-aa47-7a82da142d4b___RS_Erly.B 7437.JPG,Tomato___Early_blight,147.99168198529412,221.70033064206075,125.40390625,233.5420376778162,0.32232334474693325,0.23987269662754482,0.3386845028080302,0.23866611443332408,6.882643995098039,8.862006920415226,6.308318014705883,9.033771626297579,7.608166028328761,7.87986253590554,7.529033107500453,7.892473240405176,0.001162867679911272,0.0008130829520068953,0.0012183424419093616,0.000802082894506756,0.03410084573601177,0.028514609448612397,0.034904762453128964,0.02832106803259291,0.9858911962194941,0.9788997484179444,0.9880779861185248,0.9777724019460935
011aa278-a39e-40b0-b6e4-2e2f835889f0___RS_Erly.B 8251.JPG,Tomato___Early_blight,151.9637254901961,278.2521645520954,191.23348651960782,294.81210303729335,0.3823712806127817,0.2939631285302264,0.37058662357442945,0.28399805227986175,6.164399509803922,8.599969242599002,6.654105392156862,8.747912341407151,8.092718323426269,8.422938540829426,8.155465404392476,8.444517307207814,0.0008344599376591938,0.000582655977257734,0.0008041237519824107,0.0005631084131868366,0.028887020228109263,0.024138267900943804,0.02835707587150711,0.023729905460975538,0.9853030352923302,0.9731336908284642,0.9815821500614614,0.9715346916556049
01861c93-ea8b-4820-aaa8-cc6003b3e75b___RS_Erly.B 7855.JPG,Tomato___Early_blight,404.97558210784314,565.0579777008843,329.50389093137255,567.0984083044983,0.2996620820290164,0.21785297470752085,0.3239980311361865,0.21939726158181644,11.726072303921569,14.80253748558247,10.358118872549019,14.790034602076124,7.721258313686042,7.997019703049598,7.6055277233230445,7.996048198355828,0.0010572502256493896,0.000717681558907119,0.0012215482542396554,0.0007213502156107409,0.032515384445664944,0.026789579296941545,0.03495065456096145,0.026857963727928834,0.9566118194168064,0.9394537947503138,0.9647184697952312,0.9392350757105449
0208ed52-1b28-4c9c-88e3-4667581e1109___RS_Erly.B 7829.JPG,Tomato___Early_blight,477.2813419117647,670.9339946174548,445.2796415441177,755.2488888888889,0.2793297508091038,0.18725195774562192,0.2910004567115235,0.1842923580594446,13.050735294117647,16.641553248750483,12.534420955882354,17.490980392156864,8.092689080045208,8.402086996854855,8.047278671820147,8.436111559812609,0.0007950758356536547,0.0004714284172783632,0.0008381838800356233,0.0004580578758857276,0.028197089134406314,0.02171240238385341,0.02895140549326791,0.021402286697587425,0.9465773782045127,0.9249455601711577,0.9501335978257971,0.9155151288855935
023fe2d4-6e1d-40ce-99ae-85ba90f436ff___RS_Erly.B 6354.JPG,Tomato___Early_blight,125.35814950980394,332.9759323337178,204.90739889705884,245.81720876585928,0.36798371214378345,0.251120585415098,0.33346177500678553,0.27579613569302175,5.833210784313726,9.91120338331411,7.411289828431373,8.455024990388313,7.152775398919356,7.669127718276404,7.391478607974285,7.535084155522,0.0013895762090451996,0.0008362950339539062,0.0012117515367436804,0.0009564584407765564,0.03727701985198387,0.028918766120875666,0.034810221727872986,0.030926662296092613,0.9880467590425056,0.9681713133784802,0.9804184546390586,0.9765027894797702
0378db62-5231-4eff-815d-c0deb0043e80___RS_Erly.B 7464.JPG,Tomato___Early_blight,206.86950061274513,387.25473279507884,252.22300857843135,354.2736024605921,0.3403974661335918,0.23167643455617376,0.31824307673319063,0.22734529716011087,7.606449142156862,10.87678585159554,8.423039215686275,10.863867743175703,7.309744019788473,7.678950003470651,7.41942200191742,7.701445677275555,0.001455737989895713,0.0009085795381393695,0.001365875983320718,0.0009056840144143537,0.0381541346369658,0.03014265313703108,0.036957759446707775,0.03009458446987354,0.9799200107030808,0.96237305773505,0.975470967498456,0.9655771209166335
0401adc0-0998-4d8e-90de-4eae8caf4248___RS_Erly.B 8446.JPG,Tomato___Early_blight,218.47958026960788,386.7878969627067,272.21937806372546,402.89670126874285,0.33023534459654247,0.2250322767137905,0.3060189024733555,0.22667797915268578,8.071001838235293,11.570334486735874,9.167417279411765,11.662099192618223,8.049801742963508,8.445444875603286,8.17521925436785,8.437317445977847,0.0007764645715439976,0.00046399803937828305,0.000691679324245783,0.0004770750787744518,0.0278651138799754,0.021540613718700845,0.026299797038110063,0.021842048410679153,0.978596234360661,0.9620373814063332,0.9732720555325434,0.960456736543118
04747279-48b2-4ce1-932b-e511424beb6b___RS_Erly.B 8240.JPG,Tomato___Early_blight,140.83460477941173,311.8848442906575,166.0738817401961,196.19161860822754,0.35801910671150416,0.260406507511594,0.35887824435751337,0.2730948655609672,6.153109681372548,9.129780853517879,6.298759191176471,7.702606689734717,8.040857005934885,8.403837754549802,8.036606572694302,8.294707484722336,0.0008749311037221261,0.0005763680340022418,0.0008805839541507472,0.0006259818148788187,0.029579234332925624,0.024007666150674494,0.029674634861287633,0.02501962859194394,0.9863600373906586,0.9698522806712244,0.9839790168108034,0.9810356399077835
04ddbde3-d33c-42bf-b849-dad24d64fd6f___RS_Erly.B 7664.JPG,Tomato___Early_blight,92.17296262254902,149.27523260284505,93.73344056372551,166.3857439446367,0.35509781247518013,0.2616446828758924,0.3456106230705029,0.2592468489869664,5.435125612745098,7.335978469819301,5.5921721813725505,7.708589004229142,7.4321442867255225,7.74647818791513,7.476751789725405,7.786175787015066,0.001171862093680916,0.0007866829086083326,0.0011105086206702353,0.0007646890609754242,0.034232471334697936,0.028047868165126784,0.033324294751280716,0.027653011788509117,0.991226990419929,0.9858165333828864,0.9910940777819425,0.9841906517605312
04e38351-80bc-4260-8a4d-187f7817c3e5___RS_Erly.B 7439.JPG,Tomato___Early_blight,84.92875306372548,150.09351787773934,83.8351256127451,151.37614763552483,0.33692704846423877,0.2691425947424303,0.3349250873096972,0.26720174095446103,5.119929534313726,7.124352172241445,5.2692861519607845,6.9839907727797,7.804297244407354,8.122649973209839,7.840581707151012,8.107473614831541,0.0007402560106839918,0.0005250881976751318,0.0007144658999092897,0.0005259884517843594,0.027207646180513148,0.022914803025012715,0.026729494943026698,0.022934438117912535,0.9920934771317216,0.9860378156518922,0.9922048987263365,0.9859183755146947
055ae8d8-09e1-4b27-b385-9ff8a3e0eaae___RS_Erly.B 8247.JPG,Tomato___Early_blight,185.40542279411764,353.680430603614,226.84920343137253,332.1236139946175,0.3477300401472207,0.24798537205041388,0.32198406245090083,0.2498560933850889,7.118811274509804,10.646981930026913,8.253370098039216,10.322860438292963,8.017649570825004,8.417973582248372,8.15892053880489,8.40265591205897,0.0008425209898987168,0.000561047395339769,0.000757413319283749,0.0005632899303361423,0.029026212117648366,0.023686439059929818,0.02752114313184954,0.02373372980245925,0.9818444501485516,0.9652279967012491,0.9776984312998667,0.9673474535916354
05fab431-cc13-4d6d-b4e1-912e0059c7c1___RS_Erly.B 8349.JPG,Tomato___Early_blight,209.8472886029412,385.7550019223376,318.15831801470586,494.1263975394079,0.3589538812608418,0.27063490668576856,0.33063041203174026,0.2515559498033261,7.809666053921569,11.052625913110344,9.51061580882353,12.488504421376394,7.812968963484165,8.15213615158857,7.973416040307535,8.262177181823002,0.001470129826306289,0.0010521157316685785,0.0013179784039266747,0.0009771991696920757,0.03834227205456517,0.03243633351148953,0.036303972288534415,0.03126018505530759,0.9788079008864304,0.9610592562684469,0.9680009522913514,0.950119274626002
0621aab4-b9fd-4012-b0a6-ba72e63cd87d___RS_Erly.B 8220.JPG,Tomato___Early_blight,137.5199754901961,211.45333333333335,168.8106158088235,304.3458977316417,0.36883971953168504,0.28470284333427764,0.3559573703837535,0.2631181151125238,6.26234681372549,8.218116109188774,6.793581495098039,9.599138792772012,7.987404437989275,8.283325985198944,8.055243574422775,8.407575209724943,0.000860160290851175,0.0005981401587329039,0.000804735394176819,0.0005406823537098158,0.029328489406227096,0.024456904111782096,0.028367858470050553,0.023252577356280654,0.98658881618658,0.979407791777023,0.9836009249574567,0.9703620460850341
06339fe1-154f-4bcb-be91-a29e86e25929___RS_Erly.B 7440.JPG,Tomato___Early_blight,148.71798406862746,296.0297424067667,205.85170036764708,270.50097654748174,0.31180835872050916,0.19480196912724546,0.2826413533950873,0.202536441089456,7.472671568627451,11.34892733564014,8.934175857843137,10.778100730488275,7.693261994242423,8.132849683385086,7.86110084114558,8.083511952892241,0.0009253623108825331,0.0005029777533586955,0.0007831886464565911,0.0005292733800518271,0.03041976842256583,0.02242716552216743,0.027985507793438218,0.023005942276981984,0.9850146598755479,0.9701410952411111,0.9792307413922926,0.9727164856107365
06d0298e-18e5-4bf5-8d33-8feef6600f15___RS_Erly.B 7573.JPG,Tomato___Early_blight,182.22061887254907,379.29371780084585,242.36626838235293,318.4996539792388,0.3118569246306159,0.20313271107699027,0.2976235651238661,0.2128552918447608,8.32996323529412,12.460069204152248,9.37141544117647,11.629773164167627,6.989553124873872,7.390184826786634,7.092448967817196,7.327920402147487,0.0016867233211835596,0.0010315579389289394,0.0015925082478418758,0.0010839505285947897,0.04106973729138719,0.032117875691411155,0.0399062432188483,0.032923403964274255,0.982303869233002,0.9631633832750268,0.9764625542352703,0.9690674156641335
06d6d114-8d26-43eb-b79f-44218bbfa0d1___RS_Erly.B 9441.JPG,Tomato___Early_blight,169.99045649509807,327.9974625144175,221.12424938725493,315.01310265282586,0.33968158481629107,0.24043611324380088,0.3241541892505497,0.24454122504072562,7.0448682598039225,10.161491733948482,7.935707720588237,10.18234525182622,7.913587630055057,8.279782594427594,8.0046205541305,8.28451590821529,0.0008101399739583336,0.0005068816137170204,0.00075342186411176,0.000517730426634774,0.028462957927073103,0.02251403148520985,0.02744853118313911,0.02275369039595059,0.9834099501027626,0.9680500475443499,0.978490246013643,0.9693150601282586
070679a9-27e1-4e6e-8072-29f3750d525b___RS_Erly.B 6439.JPG,Tomato___Early_blight,178.41991421568633,368.11541714725104,255.66988357843138,347.10540561322574,0.33072459528523074,0.21724535868425554,0.2989606051406189,0.21866094440318404,7.590165441176472,11.544313725490195,9.269424019607843,11.53905420991926,7.289442486143457,7.720909911568878,7.4795735514615584,7.7217327438447265,0.0014844270945970303,0.0008710170769501158,0.0012742601253123798,0.0008746635022374059,0.038528263581389575,0.02951299844051966,0.03569678032137324,0.0295747105182351,0.9826418684174036,0.9641669688197722,0.9751025410750405,0.9662115424696017
072ae43a-416b-434a-a5a2-1b48bc47fada___RS_Erly.B 7472.JPG,Tomato___Early_blight,152.76577818627453,546.9345328719724,442.04181985294116,472.5957862360631,0.3346859949216858,0.1755506191618282,0.2543312654978964,0.18560945304929777,7.340563725490198,14.738638985005768,12.45502450980392,13.613917723952326,7.622268086366996,8.305735199817267,8.081478247582572,8.23202478310543,0.0009628554024819183,0.0004067709444257458,0.0006263720590488033,0.00043188889731435916,0.031029911415953453,0.02016856327123342,0.025027426137116122,0.020781936803733168,0.9845717779168005,0.9446734748681771,0.9553176893757808,0.9521934977754332
07324d80-17c5-4541-9702-62e9c744ac07___RS_Erly.B 7455.JPG,Tomato___Early_blight,131.12052696078433,193.99749327181854,123.22522977941176,245.63613994617458,0.3138070408315915,0.2503040018288928,0.32917064818242003,0.2296281769377284,6.6169424019607845,8.16641291810842,6.269592524509804,9.35452518262207,7.539121214730331,7.749158267809706,7.477054817208856,7.875324870545121,0.001111972901235402,0.0008243761567468579,0.0011421722799298947,0.0007433986957667628,0.03334625767961679,0.028711951461836548,0.033796039411888114,0.02726533872459249,0.9876455578875958,0.9817467646258733,0.9884145202887683,0.9768879534866151
07409e2c-a730-4b11-b25e-31025bd63a91___RS_Erly.B 9578.JPG,Tomato___Early_blight,99.45543811274509,209.7850672818147,134.1090992647059,184.25450211457132,0.38199119042442325,0.2642569027789145,0.34050318164093873,0.2721123146673343,4.70608149509804,7.542698961937717,5.9493872549019615,7.144682814302191,7.584522457809229,8.03410976962898,7.791782935015255,7.994269796396468,0.0009721148651134779,0.0005929451024441107,0.0008213854844365753,0.000610080794347426,0.031178756631935756,0.02435046411147251,0.028659823524170125,0.02469981365005465,0.9906420132999103,0.9802331707811612,0.9873571356039254,0.9826388765608622
074bc781-f586-46b0-bef5-0237e3bf5043___RS_Erly.B 8375.JPG,Tomato___Early_blight,236.31919424019605,408.4674356016917,245.48386948529406,358.7385313341023,0.32408241590167547,0.21144838521944356,0.29901878713545454,0.2226618206079049,8.360340073529413,12.23592464436755,9.193489583333333,11.442014609765476,7.959502511851694,8.37984538801597,8.08109684230114,8.3231006568656,0.0007441985391736352,0.0004099061653896167,0.0006475637656640474,0.0004375509315983368,0.0272800025508363,0.02024613951818017,0.02544727422857009,0.020917718125989193,0.9761589748681381,0.9586010083201049,0.9751495979641072,0.9636411386718009
07502bbb-1733-4d49-a3dc-557b1d4391da___RS_Erly.B 7516.JPG,Tomato___Early_blight,188.58340992647058,353.54214532871976,241.43661151960782,333.8237600922722,0.2855613063639173,0.17848223901860033,0.26723350534483004,0.1832821291591208,8.83359375,12.984759707804692,10.088327205882354,12.56642829680892,7.639065408546514,8.03597646771898,7.753071715808325,8.002787833627655,0.0009516223290020665,0.0005389343494746128,0.0008796583364120772,0.0005537546630174034,0.030848376440293687,0.023214959605276354,0.029659034650711024,0.023531992329962278,0.9812029076246153,0.9647644297557981,0.975934614685234,0.966729680485822
079e0d43-e9d2-4217-b8e8-2f3b989cdab2___RS_Erly.B 7588.JPG,Tomato___Early_blight,133.41605392156862,232.12153787005002,144.17219669117645,253.41504036908884,0.3773093323605209,0.2938815863973042,0.36726280679675577,0.2805061763452882,5.769148284313726,7.873848519800077,5.845174632352942,8.144329104190696,7.596126033711109,7.912063695141207,7.631165568165276,7.942016370644227,0.0010518146707020738,0.0007300091157675876,0.0009861673826623174,0.0006961934759957612,0.032431692381096514,0.027018680866533577,0.031403302098064745,0.026385478506098032,0.9873976179799068,0.9780992207684005,0.9864138833881373,0.9760904392627546
08615b7d-eca7-487e-a9ea-07842ecf81e8___RS_Erly.B 7543.JPG,Tomato___Early_blight,107.65085784313726,238.6360322952711,159.82296262254906,213.2763091118801,0.3369769806399957,0.22872496309713014,0.3143548064586255,0.23724567956538142,6.094270833333333,9.44230680507497,7.352190563725491,8.960399846212995,7.407596806211803,7.830384909001724,7.561173435892182,7.787781993979964,0.0012040488108539986,0.0007468978970469613,0.0010859573991974245,0.0007882247992336074,0.03469940649137963,0.02732943279775417,0.03295386774260989,0.028075341480267118,0.9896261273706941,0.9769621201015504,0.9845698944533792,0.9794102376761277
089243e5-f319-4ed2-b10c-603328ff4143___RS_Erly.B 9428.JPG,Tomato___Early_blight,101.45957414215687,241.91235678585159,161.83653492647062,217.58737408688967,0.3619753114699209,0.26322552418770484,0.34651561752162363,0.2676725705483317,5.457889093137254,8.664159938485199,6.775321691176472,8.24881199538639,7.863707236260983,8.276268155496602,8.001539221735126,8.234377696203293,0.0009486731177611976,0.0006289867219022761,0.0008775086129733758,0.0006418624960293123,0.030800537621301315,0.02507960769035824,0.02962277186512727,0.025335005348910276,0.9904021716218928,0.9770777039644474,0.9846673415438238,0.9793825188459018
08fe6531-bb66-4e0a-98b3-4b86a794f9f9___RS_Erly.B 7483.JPG,Tomato___Early_blight,116.01862745098039,188.82846597462517,107.98900122549021,183.14840445982315,0.3262972700616953,0.24489084360308297,0.3434916132821486,0.2533272651906625,6.2745710784313715,8.484598231449443,5.904074754901961,8.067404844290659,7.555447252462458,7.859121470641597,7.489411365817689,7.796279562361169,0.0012275911101649606,0.000855668885521657,0.001266699486262796,0.0008628438386383494,0.0350369963062612,0.029251818499396873,0.035590721912638915,0.029374203625602335,0.9889546185241243,0.9820581751999039,0.9897377526540365,0.9825976841156002
090af0e4-75f2-495a-8bca-a3370c6dd2a6___RS_Erly.B 9562.JPG,Tomato___Early_blight,100.46698835784315,214.94389850057672,144.65824142156868,192.00785851595543,0.3625696867854341,0.25531985653715106,0.3356434862919795,0.2517380288205056,5.158808210784313,7.948404459823145,6.261979166666668,7.724490580545944,7.645701357335984,8.058218204295029,7.810289006066709,8.048589002949626,0.0011726240358275663,0.0007628290718930598,0.0010578125891709323,0.000747640875710862,0.034243598464933064,0.02761936045409198,0.032524030948991124,0.027343022431890407,0.9904724295976784,0.9795904299372699,0.9862496487859761,0.981768170977868
0982d864-182e-4d36-959a-dcc67d85d9e6___RS_Erly.B 9481.JPG,Tomato___Early_blight,310.14842218137255,581.250488273741,382.2083486519608,537.1575547866207,0.3259950487489187,0.22163826241078938,0.30689675884252915,0.21529728226869438,8.78313419117647,12.681937716262976,9.825321691176471,12.647935409457904,7.715575450926244,8.101946332890112,7.820446108783213,8.121161778346728,0.0009878741846960904,0.0005908752156809532,0.0009122160515937379,0.0005738340072970487,0.031430465868263716,0.024307924956296724,0.03020291462083979,0.023954832650157434,0.9698744772319062,0.9437060021874865,0.9630030664160609,0.947976275548533
10a46a0b-debe-49f9-8562-c7c81855160e___RS_Erly.B 6339.JPG,Tomato___Early_blight,164.8337775735294,375.03520184544413,282.8316482843137,387.4918108419839,0.31681447599396967,0.20157809286684447,0.2794026911840452,0.20659397361624957,7.512760416666667,11.918708189158018,9.756617647058823,11.887135717031912,7.300076389408367,7.746962294213102,7.520571695695992,7.73454741546884,0.0012398796858855369,0.0006991204548098423,0.0009939717164822424,0.0007147366057564291,0.03521192533624847,0.026440886044341295,0.03152731698832367,0.026734558267464025,0.9839343027141615,0.9633662764898127,0.9724447057485137,0.9621493972649199
10c1d7a4-bd14-4961-9b96-c7047589eccd___RS_Erly.B 7552.JPG,Tomato___Early_blight,121.87135416666668,200.06352941176473,129.5151807598039,232.70254517493274,0.3749980451611655,0.28469010825558916,0.3656517445766244,0.2851170998446635,5.854442401960785,7.998723567858517,5.930713848039216,8.211103421760862,7.481841590508129,7.806450903552629,7.5106644793132435,7.809711839511084,0.0018016930462442329,0.0012832095306554824,0.0016350466542315457,0.001220194108053848,0.04244635492294047,0.03582191411211135,0.04043571013635776,0.03493127693133831,0.9886689085867973,0.9814434902571073,0.9879976116889875,0.978416432818071
10e7dcfd-2cbc-4623-ba9f-94f0e2e4fe13___RS_Erly.B 7648.JPG,Tomato___Early_blight,80.62458639705883,152.7217070357555,90.42034313725493,149.47833910034603,0.4230180681304593,0.33086545245349863,0.40707556356609276,0.3320295647923185,4.273544730392158,5.931856978085352,4.331770833333334,5.866466743560169,7.487896574008248,7.818778906384345,7.532082075379032,7.790013115423296,0.0011592627103307624,0.0008176021968896417,0.0010789902161653575,0.0008109314712157112,0.03404794722638595,0.028593744016648846,0.03284798648570955,0.02847685852083602,0.9924409804174017,0.9856837835064712,0.9915386391948221,0.9859878625948678
10fedb70-9786-4623-a32b-97a622037511___RS_Erly.B 7796.JPG,Tomato___Early_blight,257.7012408088235,410.2757247212611,259.85,413.74334486735876,0.3193066769963614,0.2406446700307538,0.3341345895528057,0.22718977807402513,9.135738357843138,11.81371780084583,8.810232843137257,12.367535563244907,7.812431098787584,8.083346684534616,7.762945424494305,8.147787810735185,0.0012580027391432985,0.0009142358963170494,0.00136068201120062,0.0008803422100836325,0.035468334315883775,0.030236334042291726,0.0368874234828162,0.029670561337521616,0.9742083415678651,0.9589482835310674,0.9739865804586675,0.9586011578889806
113562f3-fe24-4b28-9ec8-7ca432bded47___RS_Erly.B 9402.JPG,Tomato___Early_blight,137.36867340686274,239.63904652056905,151.58814338235294,238.14322183775474,0.35474375227671995,0.2652727055244246,0.34578152536869716,0.2544149900238798,6.532429534313725,8.993202614379085,6.897242647058823,9.219454056132257,7.509659416880341,7.829499078767124,7.5610773221277405,7.867110682463288,0.0016669941351808801,0.0011749815563499148,0.0015952755973138335,0.001136181349231161,0.04082883950323448,0.03427800397266321,0.03994090130823081,0.0337072892596121,0.9868916000167184,0.977109256365607,0.985492383209271,0.9772522093426451
11922494-321b-4742-afbe-f6db6a8b4005___RS_Erly.B 9392.JPG,Tomato___Early_blight,189.85955882352945,323.8502883506344,187.7883731617647,304.50308342945027,0.3320754629440163,0.2420362975943022,0.31955096895881774,0.23325724877606127,6.8186887254901976,9.37856209150327,7.164353553921568,9.560953479430989,8.13438533067562,8.470150475523784,8.199325212386642,8.502511379009428,0.00069940070563305,0.0004553990930942038,0.0006778154736159171,0.0004404411339736987,0.026446185086568725,0.021340081843662262,0.026034889544914862,0.020986689447687997,0.9816433014982864,0.9686838681256694,0.9818456570141467,0.9705549031063326
11f247d4-f87a-4273-bb9a-317e17916a75___RS_Erly.B 9470.JPG,Tomato___Early_blight,201.76436887254903,352.1178008458286,260.7672794117648,414.19120338331413,0.4104112425287794,0.3130440903813523,0.38931845068173465,0.3098892173370503,6.183455882352941,8.58645136485967,6.838388480392158,9.1280738177624,8.003175231972971,8.350222782809855,8.094850573449419,8.381780770097624,0.0007666713739532271,0.0004949276156022563,0.0006948902991037104,0.000490685435658157,0.027688831213202682,0.022246968683446656,0.026360771974729996,0.02215142062392742,0.9804323795424472,0.9659187135040516,0.9747641094265432,0.9599101672077003
121b3f84-70ed-4d1c-882c-d3204e2af046___RS_Erly.B 8421.JPG,Tomato___Early_blight,161.4113817401961,295.2037677816225,208.9248468137255,315.005444059977,0.3752435266925964,0.26452698878659703,0.33851049721625237,0.26797965644096333,6.356755514705883,9.619146482122261,7.762745098039215,9.664605920799692,7.834457869409128,8.261333516526012,8.021527857912275,8.250765793388243,0.0018330726491538718,0.0014011833794738693,0.0016796747110110898,0.0013748602000147523,0.04281439768528657,0.037432384100854026,0.04098383475238853,0.037079107324944495,0.9840182627580655,0.9707294022940401,0.9792739713312324,0.9687660337935176
121e9cbe-77d2-43ca-8e04-17a556a1c2b2___RS_Erly.B 7512.JPG,Tomato___Early_blight,114.86321997549021,231.7040061514802,153.4936274509804,212.71003460207612,0.33891819724405003,0.21918688660823132,0.31721985740293435,0.2363575201400019,6.1780790441176485,9.493717800845829,7.232138480392157,8.862652825836218,7.448174509859831,7.874114775294761,7.578133668645149,7.808087487979257,0.0011400940105668496,0.0006857514506959956,0.0010688472573274102,0.0007320233057377009,0.03376527817991212,0.026186856449295238,0.03269322953345861,0.027055929215935293,0.989060022939909,0.9779163096347416,0.9853682797632615,0.9797265068641996
12c1c25b-6809-45d8-9a20-969de7860b5d___RS_Erly.B 6372.JPG,Tomato___Early_blight,109.81366421568629,194.4227604767397,148.28357843137255,245.10989619377165,0.3396482307071389,0.25228612717691634,0.3184028922900799,0.24370721243608276,6.010814950980393,8.409873125720878,6.969087009803921,9.191526336024607,7.393227979673717,7.723411956780285,7.518546184490294,7.791740813173564,0.0012188261942146653,0.0008156024336897012,0.001104313118189218,0.0007923763979813755,0.03491169136857544,0.028558754064029145,0.033231206992663055,0.028149181124526083,0.9895526195898611,0.9814746645703666,0.985884997644473,0.976644782042985
13c87a78-0a62-4aff-b6f3-fcbf1a8323e6___RS_Erly.B 9612.JPG,Tomato___Early_blight,98.75942095588235,251.9150173010381,174.83783700980393,219.64056901191853,0.3523271275807224,0.23427947366217428,0.32209060957503277,0.25490042170133603,5.558103553921569,9.25760861207228,7.109803921568628,8.297147251057286,7.6876667667390395,8.181375023587636,7.88617731495896,8.067058161333637,0.0009153922967203118,0.0005305662315132987,0.000789923750405493,0.0005768965031489826,0.030255450694384175,0.02303402334620026,0.028105582192964676,0.024018669887172824,0.9905891913701517,0.9759483060817321,0.9833077517071821,0.979029611000037
13e96f82-68c6-4331-9b05-92a6767a400b___RS_Erly.B 9502.JPG,Tomato___Early_blight,146.75560661764706,327.88782775855447,220.3843137254902,276.17436370626683,0.35768473941629975,0.23750223746478938,0.3343354677836998,0.2559825188971103,6.454963235294117,10.077293348712034,7.573805147058824,9.025082660515187,7.858894029993964,8.303368170428916,7.985159045236329,8.199291366382262,0.0009871997708588644,0.0005807489237939863,0.0008905326142213931,0.0006260829205222431,0.03141973537219663,0.02409873282548247,0.02984179307986357,0.02502164903682895,0.9861389145683299,0.9690656628924237,0.9791935493638256,0.9739445595272136
141bbdef-ba38-49ed-9d6f-fe8d9de38e6f___RS_Erly.B 9579.JPG,Tomato___Early_blight,143.74695159313725,211.03726259131105,123.3954656862745,237.17548635140332,0.3310360488478632,0.24606296162047037,0.3359068235736047,0.24800100939800293,6.330101102941176,8.329442522106882,6.1004901960784315,8.492487504805844,7.846867709394462,8.141372517261752,7.827780254055204,8.14572690239933,0.0007872888666994066,0.0005314193029889282,0.000805807674632353,0.000538780385091293,0.02805866829875229,0.023052533548157526,0.028386751745001628,0.023211643308721015,0.9862176606554811,0.9797945065621535,0.988198414252389,0.9772918754944382
150cfe75-133e-4e98-90cb-de96a8120c03___RS_Erly.B 9414.JPG,Tomato___Early_blight,169.87205882352941,313.8108266051519,201.13158700980398,293.5307343329489,0.33901848352692304,0.23303267919312148,0.31921037150889897,0.24278912634349462,6.791605392156862,10.042829680891966,7.70030637254902,9.646905036524414,7.49164406241746,7.884834852316389,7.6087824087878655,7.850363260123199,0.0012808646407781862,0.0008103302769570334,0.0011757363360095881,0.0008286665835944859,0.03578916932227103,0.028466300724840125,0.03428901188441551,0.02878656950028061,0.9836940815687623,0.9698415291171757,0.9806439778048075,0.9717904466888493
15fb19ad-8a5a-4e1b-8ed2-c8d48b006b1d___RS_Erly.B 7674.JPG,Tomato___Early_blight,51.76919424019608,129.71474048442906,65.18707107843137,87.81528642829682,0.4210424532105277,0.31530408104002483,0.3882746709932448,0.3508805439533135,3.594500612745098,5.985128796616686,4.27858455882353,4.981945405613225,7.265687198684773,7.729968640110362,7.4407400188097945,7.5825917478826685,0.0013853218169544166,0.0009111139196012062,0.0011660605859224818,0.0009803216194167771,0.03721991156564476,0.030184663648965947,0.03414762928700149,0.03131008814131281,0.9952142266823693,0.9880109031748998,0.993985415977607,0.9918835134912577
164f6427-eeed-42da-bb51-ec07a57840dc___RS_Erly.B 9372.JPG,Tomato___Early_blight,184.7848805147059,332.0112418300654,217.16685049019608,340.2324029219531,0.3523278371712875,0.2601281033510674,0.33452213559679045,0.25487657227564975,6.867172181372551,9.803690888119954,7.859558823529412,10.224836601307192,7.994112271821672,8.358429126487309,8.104109902142842,8.379874365667224,0.0009270578492196514,0.0006261172136644573,0.0008796690134578647,0.0006263900215233812,0.030447624689286544,0.025022334296872808,0.02965921464668046,0.025027784990353845,0.9820462215547907,0.9676741118910822,0.9788728971142563,0.9668739130244615
16ae1b64-2954-4135-bea5-d599ba56740c___RS_Erly.B 7649.JPG,Tomato___Early_blight,195.6338082107843,390.40227604767404,311.1019454656863,447.33730103806226,0.3166527071925148,0.21105501683536015,0.289437123534542,0.20237012776337876,8.431479779411765,12.418116109188775,10.413373161764708,13.392541330257593,7.453887588937617,7.855224229165271,7.63924875987362,7.918638710992358,0.0010857967741899149,0.0006378046712876674,0.0009452690174377046,0.0005948451790272011,0.03295143053328512,0.025254795015752306,0.030745227555471183,0.024389448108294725,0.9806865887952619,0.9614164430575984,0.9692049720017447,0.9557899497646142
16c7ab4c-6940-41e9-854f-d1a9a99325ce___RS_Erly.B 8216.JPG,Tomato___Early_blight,199.13010110294124,369.81128796616684,177.65526960784314,249.05427143406385,0.34169534300852955,0.23793979991638967,0.34003273509704046,0.2592899395003066,7.154947916666668,10.532364475201843,7.196568627450982,8.799384851980008,8.149526338388869,8.551721987674332,8.1708373522873,8.419154144173637,0.0007663687794357942,0.0004913284912007786,0.0007625925078019874,0.0005407188936441061,0.027683366475842387,0.0221659308670035,0.02761507754473971,0.023253363060944672,0.9803324421180564,0.9634119024885595,0.9823904210885166,0.9753592833107876
16ce3799-ff03-4724-8c99-48a4243a6ff9___RS_Erly.B 9565.JPG,Tomato___Early_blight,87.04289215686273,163.6347712418301,97.93180147058825,149.7041291810842,0.3898671164247014,0.2863524234689159,0.3763545433197142,0.2983245316404592,4.75484068627451,7.0257439446366785,5.150061274509804,6.534794309880816,7.762514720974671,8.156453850326535,7.85765242306395,8.096487655956235,0.0010112631334703,0.0006665949466985535,0.0009226005932589031,0.0006795419086587375,0.03180036373172955,0.0258185000861505,0.0303743410341509,0.026068024640519608,0.991722074198984,0.9844679167696657,0.9907110630575946,0.9857903179660656
16d79bd2-5c70-4e6b-a52a-0c578b501d04___RS_Erly.B 6446.JPG,Tomato___Early_blight,272.30006127450986,431.96003075740106,209.28125000000003,350.78283737024225,0.30535918008652174,0.22962423465053378,0.34287459508902957,0.2324347891981985,9.65107230392157,12.456116878123797,8.253186274509805,11.770426758938868,7.19786624767383,7.450577799518895,7.045927431395151,7.406712453070053,0.0016848679791501469,0.0011929195895288257,0.001957174064287174,0.0011870873903081372,0.0410471433738104,0.0345386680335074,0.044239960039393955,0.034454134589452935,0.973588131362588,0.958141905705645,0.979710995183285,0.9660089635910194
16dcb9cd-05ab-46d3-b76e-d19c16077a6a___RS_Erly.B 8345.JPG,Tomato___Early_blight,156.1991727941177,283.8765705497885,244.96458333333334,389.632556708958,0.35210465591987206,0.25221902525842205,0.3219967697687717,0.24230563485798035,6.5951899509803935,9.421976163014225,8.186121323529411,10.802660515186464,8.213391551453332,8.58386458280074,8.382998438897626,8.677920820176254,0.0006289411205275618,0.00039598397741619185,0.0005604837748326966,0.0003788808048718729,0.025078698541343047,0.019899346155494452,0.02367453853473593,0.0194648607719622,0.9847589741899536,0.9723623638758776,0.9762229070225776,0.9620662590240701
171b6622-c111-4fe9-b3f9-12b12ee0db06___RS_Erly.B 7836.JPG,Tomato___Early_blight,322.2656862745098,535.8412302960401,378.21424632352944,552.5799769319492,0.3429503526755796,0.23718433305826625,0.3256813411428697,0.23399121621610885,9.746109068627451,13.873986928104577,10.899601715686273,13.96565936178393,7.527665438126727,7.917534614061702,7.625772454553909,7.919283818660048,0.0015597191575580905,0.0010388175606312364,0.001487142584132305,0.0010314289257628857,0.03949327990377718,0.03223069283511039,0.038563487707056594,0.03211586719618335,0.9665127078494623,0.9442325857152527,0.9605913321365591,0.9424893309427529
1742dfdd-c687-46ff-b958-34194feb68e4___RS_Erly.B 7453.JPG,Tomato___Early_blight,250.56035539215685,347.8671434063822,210.6369485294118,389.721814686659,0.2987943233032204,0.21052312622548391,0.3078664523914036,0.20722461275897963,9.429473039215686,11.928289119569396,8.825459558823532,12.612795078815841,7.8136810399264345,8.090370477744269,7.765127896800648,8.140981748723375,0.0008936436237715062,0.000582286557339538,0.0009455866302173447,0.0005678989286497179,0.02989387267938877,0.02413061452469742,0.030750392358754458,0.023830630051463558,0.9742862308683082,0.9643534676667967,0.9784524947339092,0.9600641468761251
17a09abf-ee69-4d46-ac80-f8608d799b19___RS_Erly.B 7451.JPG,Tomato___Early_blight,151.2238204656863,260.50911188004613,179.96611519607848,290.84768935024994,0.32495546716877854,0.2287804891163262,0.3189224365400807,0.2279606130397461,7.061933210784314,9.635048058439063,7.394730392156864,9.990049980776625,7.591626657310417,7.915937524222075,7.622295381652798,7.930511547274363,0.0010855591805885958,0.0006886185938895237,0.0010401305800353232,0.0006795454562251735,0.03294782512683646,0.026241543283304122,0.03225105548715147,0.026068092684835488,0.9853551452754722,0.9747888497805903,0.9825927892599121,0.9718532478303991
17d051ce-efe1-486e-b5ed-b71b1317a9f0___RS_Erly.B 9614.JPG,Tomato___Early_blight,101.2397212009804,224.9857439446367,130.97184436274512,167.91012687427914,0.3736805347006347,0.26193277042290053,0.34808631981652766,0.2767808174283472,5.105070465686274,8.135055747789313,6.01985294117647,7.156539792387544,7.676628732167984,8.126456018725854,7.8318780575188205,8.03361063507259,0.0010201595765450787,0.0006402442144734502,0.0008985393425905901,0.0006619552028091995,0.03193993701535867,0.025303047533319977,0.029975645824412023,0.02572849009967743,0.9903990915994333,0.9786325588567318,0.9875451203759837,0.9840532110752128
1829d517-53ae-48a9-b721-5043dd10d0d2___RS_Erly.B 9518.JPG,Tomato___Early_blight,66.87719056372549,153.01510188389082,93.68583026960783,127.18966551326415,0.40236991564608904,0.29361969470287574,0.3768916781281568,0.30859593963436066,4.507153799019608,7.101099577085737,5.391957720588236,6.466005382545175,6.992073009727483,7.417790372372502,7.154555901887473,7.340750116708304,0.0019321294694348333,0.0012617845944266845,0.0016589348428939592,0.0013036132407595873,0.0439559946928156,0.035521607430220335,0.04073002385088866,0.03610558462010534,0.9937888894500849,0.9857483088207768,0.991264204703363,0.9881535897781075
1863e110-8422-400b-89a6-f0ef457659cc___RS_Erly.B 6462.JPG,Tomato___Early_blight,187.77276348039214,333.13587081891575,238.72950367647059,340.62363706266825,0.30109049108688013,0.1896975507744503,0.27827268254974546,0.19064044053355123,8.790104166666666,12.561138023836984,9.866023284313727,12.62492887351019,7.248886480925076,7.61552645615766,7.355460760977653,7.620188251498916,0.0014619156581903597,0.0008513054970576627,0.001303691578021374,0.0008599432300681088,0.038235005664840165,0.029177139973919013,0.03610666943961149,0.02932478866195132,0.9813219597672519,0.9668760912918801,0.9762675109855746,0.9661318193531068
1873e09f-31fd-4612-920a-861fac1af687___RS_Erly.B 7797.JPG,Tomato___Early_blight,159.15647977941177,305.15904652056906,223.43007046568633,313.98142252979625,0.3867277514795031,0.2741274935289524,0.3560578892210947,0.27808183193634856,6.6442861519607845,10.099392541330259,7.951914828431374,9.821453287197233,7.569611833952907,8.008204851629593,7.727970247193751,7.96980391989343,0.0018359057035229839,0.0012815249096072682,0.001649052239710989,0.0012692618002037189,0.04284747021147204,0.03579839255619263,0.04060852422473623,0.0356267006640205,0.984182381839192,0.9696950792329955,0.9778009845739337,0.9688188724466746
18815a60-8297-46e0-922f-e6a0fea818ef___RS_Erly.B 7808.JPG,Tomato___Early_blight,317.8546415441176,500.31166474432916,330.7666666666667,520.5116339869281,0.32836084711824576,0.24346111173064994,0.3367671189853832,0.23843411143011495,10.196216299019607,13.424652056901193,10.143198529411766,13.813317954632833,7.660418065869865,7.961074650969166,7.642609343388958,7.992150906189733,0.0018973675896139706,0.001463341473520151,0.002004878870206171,0.0014204351947562236,0.0435587831512081,0.038253646538861506,0.04477587375145426,0.03768866135532308,0.9662836186357183,0.9469505609595227,0.9649516811322847,0.9448098698396882
18a21f42-8794-4665-8174-b0ccd3758af8___RS_Erly.B 7650.JPG,Tomato___Early_blight,106.49957107843137,189.65268742791235,122.55312500000002,190.63103421760857,0.3551057859349278,0.269673493400243,0.35180845414917744,0.2598887960896516,5.524846813725491,7.371749327181854,5.706035539215687,7.723967704728949,7.783789939070224,8.0793526896028,7.817873321510821,8.125816901562253,0.0008065290205389754,0.0005344175878883717,0.0007802806181066179,0.0005243773836135835,0.02839945458171645,0.023117473648484422,0.02793350350576558,0.02289928784075137,0.9899150981188088,0.982065194132154,0.9884099978108357,0.9819723661278713
18d8f15c-4948-4506-ae09-54169f95cf36___RS_Erly.B 7496.JPG,Tomato___Early_blight,294.42233455882354,582.6565628604383,373.9801776960784,489.41937716262976,0.29312037286482007,0.18490342269857465,0.27097200197954296,0.18771114181894263,10.626133578431373,15.605336409073434,11.984405637254902,14.905759323337179,7.394451355520163,7.793558942973334,7.510117561669701,7.758773045596582,0.0011763024540966816,0.0006605950658376595,0.0010429939055891964,0.0006687899443046852,0.03429726598574122,0.025702044001161842,0.03229541616993341,0.025860973382776705,0.9693587041294804,0.9393552361618452,0.9610694155546835,0.9490599938414611
18ec9a60-a4e3-4dd7-805f-fe9eaf526c2f___RS_Erly.B 8405.JPG,Tomato___Early_blight,269.62777267156866,600.7159246443675,346.83333333333337,431.32056901191856,0.31242293253798104,0.19844718569657796,0.27978458271745127,0.21797779299185577,8.75844056372549,14.290303729334871,10.465747549019609,12.116539792387542,8.342621508604438,8.848706442977498,8.51667110235013,8.707398999701327,0.0005403535542970252,0.00028177941793599334,0.00045243477005538755,0.00032005553123994393,0.0232455061097199,0.016786286603534248,0.021270514099461433,0.017890095898008593,0.9729041635294314,0.9394849654538393,0.965084971549655,0.956549462221016
1941f5d9-f31f-453e-b07c-3f90da6aa381___RS_Erly.B 8238.JPG,Tomato___Early_blight,302.0871170343137,569.9096962706651,320.00094975490197,450.8587004998078,0.310271579809728,0.2233314240877618,0.3059685456305402,0.22795856526429248,9.668489583333333,13.99040369088812,10.132720588235294,12.734871203383314,8.000654496157754,8.377271995010444,8.045643633002669,8.308736642874969,0.0007202168383629494,0.00046096297804012034,0.0007024361545514344,0.000468640266564142,0.02683685597015696,0.021470048393986453,0.026503512117291822,0.021648100761132417,0.969179388900908,0.9416499857746244,0.9672047384761195,0.9538392105307009
19427ace-5a24-4e30-8a4d-228ab4a3b99b___RS_Erly.B 7403.JPG,Tomato___Early_blight,154.01104473039214,236.96029219530953,152.44313725490196,245.6654825067282,0.3207225299275367,0.22722988276847528,0.321707965984796,0.22296129498535713,7.326914828431373,9.761153402537486,7.402328431372549,9.96730488273741,7.450747992180272,7.753932914435916,7.468030466063688,7.780982083245725,0.0011981933312157586,0.0007628472827340976,0.001206444458336337,0.0007590870988164285,0.03461492931114779,0.02761969012740906,0.03473390934427533,0.027551535325938344,0.9850205009219377,0.9769425980246987,0.9851582956396399,0.9760958254186434
197fa869-c124-436e-b3cd-bced95f52a8e___RS_Erly.B 7834.JPG,Tomato___Early_blight,358.5599724264706,565.0739869281047,393.5481158088236,598.756862745098,0.3147593325233643,0.2000507140943253,0.2904895813253171,0.20339428732560083,10.502374387254902,14.8641906958862,11.598054534313727,14.825882352941177,7.8283857711391605,8.236766642134121,7.934524859331442,8.217596578803114,0.0009724234434697592,0.0005233386561611399,0.0008465174902681661,0.0005365748630380679,0.031183704774605588,0.022876596253838546,0.029094973625493563,0.023164085629224996,0.9629040000320073,0.9414683691712648,0.9592120815307359,0.9379789655688717
203d84bc-4acc-4cad-b4f9-f659ae641876___RS_Erly.B 7615.JPG,Tomato___Early_blight,78.05761335784314,237.24608996539797,184.68619791666669,223.05400999615534,0.41500695293347434,0.28616595736761397,0.3674825553900041,0.29935627472584525,4.290487132352942,7.5802998846597465,6.115977328431372,6.980099961553249,7.378381231669502,7.893718187691782,7.6547578098281495,7.817125243631114,0.0011997359883368177,0.0007161517300077263,0.0010016826554840688,0.0007485615874532035,0.03463720526163763,0.0267610113786405,0.03164937053851259,0.027359853571486882,0.9926585080222582,0.9776501668397347,0.9826065662485187,0.978987207131433
20459a26-c07a-4592-baf8-6d4172c23cec___RS_Erly.B 8358.JPG,Tomato___Early_blight,257.11124387254904,430.56053825451755,272.66187193627445,451.4628219915418,0.33103738940935257,0.25044435171401747,0.32735321035566645,0.24182347066887727,8.546783088235294,11.406643598615918,8.615548406862745,11.837201076509036,8.177870934771125,8.480098037261994,8.188953234218694,8.522452341410443,0.0006824312426410514,0.0004552874630036861,0.0006617798414747334,0.00043555838178348287,0.02612338497670337,0.02133746618049308,0.025725081952731137,0.020870035500292827,0.9746452525859944,0.9576005132661295,0.9731832259722862,0.955542160311795
20a276c8-90b5-475f-811b-1d63f34f1c10___RS_Erly.B 9551.JPG,Tomato___Early_blight,130.62598039215686,233.74254517493276,135.77075674019608,221.1452364475202,0.3534808042444412,0.2616705473014411,0.35224495653142557,0.2788925164836807,5.871813725490197,8.174256055363323,5.91876531862745,7.9012226066897355,7.70256194055263,8.048731893161541,7.729316722725891,8.001842536308082,0.0009843989822874615,0.0006667538776748835,0.0009493660697658354,0.0006833542418030151,0.031375133183581254,0.02582157775340003,0.03081178459235744,0.02614104515513898,0.9875841383138725,0.9777953230603804,0.9871367844778306,0.9789920988827343
2165f0a3-1265-491d-ad8a-e53102a87e9b___RS_Erly.B 9376.JPG,Tomato___Early_blight,146.16940870098043,268.72921184159935,171.2563112745098,267.9313648596693,0.3508811488871409,0.26877479898197537,0.34508184928657953,0.2488895013916212,6.174555759803922,8.640415224913493,6.8192401960784315,9.138008458285274,7.919850298344707,8.255215156394044,8.00731397190604,8.323664036123407,0.0010242421972618708,0.0007056444294855391,0.0009834364055441417,0.0006731554613085403,0.0320037841084749,0.026563968632068873,0.03135978962850583,0.025945239665660064,0.9856860108278775,0.9736653079777171,0.9832217874145134,0.9737436829165201
2179421c-3ce3-4581-8b65-17da6fffd3db___RS_Erly.B 7730.JPG,Tomato___Early_blight,396.64741115196074,630.9182468281431,460.0360753676471,676.3106497500962,0.28727146257381153,0.1888497024868546,0.2794815501467196,0.1776221160179044,12.346308210784313,16.54488273740869,13.202221200980393,17.420838139177242,8.100048185153373,8.446938964327272,8.15716232527576,8.510791994933536,0.0007461964373678393,0.0004040075084243617,0.0007164009091305027,0.0003829877042825483,0.02731659637231255,0.020099938020410952,0.02676566661098697,0.019570071647353474,0.9551229591864939,0.9286112030116822,0.947912589553473,0.9234760823534177
21ad39db-c205-4220-a7e6-566042e70007___RS_Erly.B 7633.JPG,Tomato___Early_blight,183.69589460784317,422.6374625144176,288.7289368872549,352.40939638600537,0.31077659313510386,0.19296154972972535,0.2783444250012088,0.20477255008207024,8.360845588235296,13.226128412149174,10.385186887254903,12.392233756247597,7.245231237598601,7.713631997916064,7.451242757119889,7.653120501550463,0.0014716702541540518,0.0008642115437516194,0.0013236766611324376,0.0009044580937063066,0.03836235464819713,0.029397475125452856,0.0363823674481532,0.03007420977692193,0.9822275711682872,0.9591606197163252,0.9720939126572465,0.9659466140694096
21d6c7aa-20d7-4434-9248-e21d073e165a___RS_Erly.B 7495.JPG,Tomato___Early_blight,105.89779411764707,189.26082276047677,120.32351409313725,193.6425682429835,0.38087751149718385,0.2905854236436868,0.3753986703919975,0.2907840272773181,5.275704656862745,7.351649365628605,5.572870710784314,7.479307958477509,7.386586472288356,7.705768618533684,7.438559982723945,7.72466650765381,0.001335273810140631,0.000944082873516988,0.0012823180096372187,0.0009184072431846445,0.03654139857942811,0.030725931613492016,0.03580946815630216,0.030305234583890693,0.9899888452911652,0.9821251432984363,0.9886491503779229,0.9817115669509948
21f9a0a5-b145-40e7-8884-df2bb52eb592___RS_Erly.B 7391.JPG,Tomato___Early_blight,356.29353553921567,605.4080123029605,362.0944852941177,538.9210611303345,0.31122171095647144,0.20840645434764876,0.303708008238213,0.21713032401152554,10.651654411764707,14.909311803152633,10.963388480392156,14.114079200307573,7.475712387643521,7.844780652959734,7.515080040878372,7.78578696717841,0.0012131171426329416,0.0007122039980778102,0.001180991554480248,0.000738784967364606,0.034829831217405315,0.026687150430081706,0.034365557677422436,0.027180599098706525,0.9631668836371198,0.9374896984071306,0.9625797223216276,0.9443552316830316
21ffaf6b-7ad0-45bf-bd7e-7d697413ebbd___RS_Erly.B 9500.JPG,Tomato___Early_blight,204.16090686274515,371.280553633218,254.35525428921568,363.48616685890045,0.36867745910521627,0.261202441658237,0.3517419947547966,0.2701789176036564,6.252420343137256,9.063713956170705,6.759175857843137,8.496608996539791,7.86718090124935,8.248181019635993,7.933671196077805,8.19003559151315,0.0007815115289567117,0.00047141316274268864,0.0007215292936836192,0.0004925920161130467,0.02795552769948569,0.02171205109478809,0.026861297319444928,0.022194414074560444,0.9807004400216628,0.9649502377978185,0.975950098527998,0.9656865340151238
22247648-1650-43d5-8a9b-e03f63cf2f1c___RS_Erly.B 7535.JPG,Tomato___Early_blight,101.1649050245098,166.5633064206075,124.04552696078431,205.60516724336796,0.36834126747582646,0.278201876180301,0.3562054657212587,0.278164353349836,5.3899356617647065,7.269158016147635,5.900183823529412,7.994002306805076,7.51451050910198,7.82780368221691,7.600946655065126,7.894552515946771,0.0010872298449289336,0.0007250699572710405,0.0010112482325382666,0.0007318532590532049,0.03297316856064842,0.026927123078246597,0.03180012944216213,0.027052786530285654,0.990377573303315,0.9841224377356762,0.9881719370701085,0.9804006998794702
2245fdf5-3ff5-4624-9797-0b65bcc6cf73___RS_Erly.B 6358.JPG,Tomato___Early_blight,107.7165287990196,286.05337946943484,142.33950674019607,155.99615532487505,0.3454579036255697,0.24271145693515472,0.3394837241987224,0.2970762491075974,5.754457720588235,9.828296808919646,6.608930759803922,7.120399846212996,7.04329275626494,7.542058550098856,7.171841344959846,7.25574325546182,0.0016098219575628966,0.0009676602365546862,0.0014557172224550052,0.0012537087959396918,0.040122586626025206,0.031107237687629647,0.03815386248409203,0.03540775050662908,0.9899491284447501,0.9732450291430069,0.986683720917569,0.9854094187426725
22742bf8-7e7f-41cc-bf74-5fe80d6cf0cd___RS_Erly.B 6370.JPG,Tomato___Early_blight,163.12435661764707,335.9295194156094,181.50591299019612,247.59001922337563,0.32267751292526015,0.2344690932590285,0.32738341283113054,0.24338714267441336,6.867371323529412,10.122860438292964,7.230514705882355,8.958815840061515,7.5064733268752,7.874693516961813,7.5519912000884215,7.790753845893015,0.0010577249435313341,0.000685830088418659,0.0010379397910358999,0.0007314133608151481,0.03252268352290958,0.026188357879383332,0.03221707297437028,0.027044654939842514,0.9843274760082608,0.9676789609451429,0.982523691603156,0.976178001911097
22b653c4-9e15-4081-8ece-9b5950a94120___RS_Erly.B 7814.JPG,Tomato___Early_blight,448.24696691176484,670.3067128027682,473.50330882352955,753.1685659361784,0.3047152782522573,0.20981854050082901,0.30023839543881686,0.19950248009701801,12.782904411764708,16.778285274894273,13.130024509803924,17.871649365628606,7.849085664031664,8.180055790057537,7.88222713396545,8.236865475775218,0.0011188818885014182,0.0007087908844097906,0.0011108940502901532,0.0006719515355123964,0.03344969190443192,0.026623126871383657,0.03333007726198896,0.025922027997677892,0.9486546014508906,0.9232938451894002,0.9457814328312076,0.9138126841110046
22b8de0e-636d-4407-a270-ef3614c33227___RS_Erly.B 8257.JPG,Tomato___Early_blight,150.21202512254905,263.44552095347944,191.95759803921567,316.8880584390619,0.36499350620690174,0.28609871959565314,0.36452107416667845,0.27709041720501193,6.521798406862745,8.63371011149558,6.763082107843138,9.491856978085353,8.049403873653475,8.339043095922941,8.067249155811195,8.39930194304827,0.0009191835866163255,0.0006586487526386873,0.0008875241512429114,0.0006296088468029258,0.030318040613079293,0.025664153066849632,0.029791343562231485,0.02509200762798636,0.9855948679241895,0.9747575635989327,0.9816763698042724,0.9696371386325406
22faea13-4b3e-4d87-b80c-379755a7b747___RS_Erly.B 7852.JPG,Tomato___Early_blight,186.3796875,348.4802921953095,260.50978860294117,361.07621683967704,0.36671033825459387,0.2438982147490848,0.3296339489705982,0.24824987135912305,7.148284313725489,10.973886966551328,8.817386642156862,10.772056901191851,7.762296465616698,8.21908917355844,7.954371368064278,8.195385151781403,0.0013997657479620218,0.0008777633657891319,0.0011974594309805723,0.0008902744500865532,0.0374134434122552,0.029627071502076135,0.03460432676675812,0.02983746721969801,0.9817415649852098,0.9658275605491969,0.9744442319403285,0.9645919635979476
2312305e-c167-4730-a07a-db5c9956077a___RS_Erly.B 7752.JPG,Tomato___Early_blight,110.27987132352942,242.06929642445215,168.80963541666665,227.31180315263362,0.3806433401290191,0.28160907978459726,0.35538127603716385,0.27030467014958093,5.778094362745098,8.838200692041523,7.116069240196079,8.851057285659362,7.634220669771025,8.032966084337088,7.803042965440431,8.069116975339764,0.0015252976525705257,0.0011181271923775807,0.0014026263749219053,0.0010487512196607316,0.03905505924423269,0.03343840893908651,0.03745165383426886,0.032384428660403,0.9892471121502847,0.9764207013871221,0.983559997296243,0.9778585374697346
239213d8-587b-48a8-bfdf-03157ba8e95d___RS_Erly.B 6385.JPG,Tomato___Early_blight,208.99859068627453,421.7438831218762,251.5093443627451,343.762583621684,0.3363250165075804,0.22496039631853001,0.3140538569409064,0.24778665484454082,7.537561274509804,11.56078431372549,8.509957107843137,10.269158016147635,7.35422887732277,7.776625851728402,7.4709810924694455,7.667980411208674,0.001269653390710604,0.0007598553834542387,0.0011166679854578167,0.0008433785781087656,0.03563219598496006,0.02756547448266107,0.033416582492197144,0.02904098101147352,0.9795104981131649,0.9585786507911425,0.9753465336057506,0.9662374388035028
23e8ae15-6cfc-4518-9266-3a289a7bced7___RS_Erly.B 6479.JPG,Tomato___Early_blight,175.4236979166667,312.77573241061134,221.0040441176471,325.0599307958478,0.31856828381535507,0.21663839858869544,0.3055374454085727,0.21526543569982648,8.07529105392157,11.406197616301423,8.985477941176471,11.700269127258746,7.091995330580238,7.435067839024805,7.183907790988378,7.461803381282412,0.0017894742819768844,0.0011215639564885064,0.0016779567626108356,0.001118157819701144,0.04230217821787531,0.033489758979253735,0.04096287053675359,0.03343886690217155,0.9827553051845858,0.9692123898550759,0.9782477730333141,0.9680028627801801
240300f1-a601-4363-84e8-670af8a124a1___RS_Erly.B 7762.JPG,Tomato___Early_blight,311.0719209558824,478.81557862360626,340.2750153186274,528.6491503267973,0.31733851787744805,0.21458853439725328,0.30312800274089063,0.21013400721953612,10.484298406862747,14.053133410226836,11.134482230392157,14.77931564782776,7.748840142080606,8.08200795680985,7.810663515572433,8.130743086005841,0.0012144264300389276,0.0007825663125160656,0.0011379754969542963,0.0007533952649743888,0.03484862163757596,0.027974386722787428,0.03373389240740381,0.027448046651344586,0.9670768197297311,0.9493174421515297,0.9639293897231248,0.9440437563782701
2419fd79-cda0-4ba4-be14-31c92a2e91dd___RS_Erly.B 8255.JPG,Tomato___Early_blight,221.7428462009804,448.33333333333337,285.05401348039214,412.8284967320261,0.33578414776739746,0.2268568787454587,0.2992751926155441,0.23284687263514153,7.350199142156864,11.633202614379087,8.889920343137256,10.979115724721263,8.008638719355282,8.469741251711824,8.194697065903092,8.422796013482195,0.0008704070868926618,0.0005482734363694441,0.0007357268313268935,0.0005563152964708661,0.029502662369566952,0.023415239404487073,0.02712428489982535,0.023586337071933534,0.9784356209817553,0.956243363374944,0.9722064674527061,0.9597084868363489
24379205-969e-4cd0-9232-176c83364d60___RS_Erly.B 7617.JPG,Tomato___Early_blight,192.51626838235296,406.00356785851596,312.92449448529413,402.41977700884274,0.3226673974637866,0.19278264888588542,0.2691939029216902,0.20085351314569586,8.556188725490198,13.322291426374472,10.98111213235294,13.178562091503268,7.369362258722568,7.840995065615537,7.618729355325078,7.816150413518761,0.0012962892173758293,0.0006814248386707209,0.0010006994286302143,0.0006893137986587538,0.03600401668391777,0.026104115358899272,0.03163383360628639,0.026254786204780906,0.9806539329661568,0.9592203183551493,0.9685386353279317,0.9595807866481187
243a77c6-b401-43c4-9230-68b4b11f3b83___RS_Erly.B 7754.JPG,Tomato___Early_blight,331.5748314950981,482.722675893887,340.3992800245098,546.6262514417532,0.3018981523842232,0.20580512825455388,0.3026016100936698,0.2009024178078653,10.949617034313729,14.243352556708958,11.06953125,15.060915032679741,8.114410932449312,8.436189964064937,8.120932785128154,8.483612607092043,0.0007494979911197017,0.00044100945411673653,0.0007507493174199828,0.00042907685965280263,0.027376960954782797,0.021000225096811143,0.027399805061714997,0.02071417050361425,0.9638278291458098,0.9473791860955235,0.9628530450087507,0.9404143795386619
24455ffa-8700-475c-8b4e-a7775f40ad3f___RS_Erly.B 8365.JPG,Tomato___Early_blight,281.20266544117646,447.54114571318723,354.4066789215687,587.1599231064976,0.3454379063249279,0.25943300116231605,0.32785708700552685,0.23376466222220005,8.494117647058824,11.403044982698963,9.488020833333335,13.047535563244907,8.229608146667156,8.549990504259057,8.323295339649636,8.672036350792027,0.000814676193125841,0.0005951494419751903,0.0007642138934694591,0.0004990469314954574,0.028542533053775045,0.024395684904818523,0.02764441884846667,0.022339358350128534,0.9717808704537799,0.9550702860005796,0.9645300509624302,0.9410526787124833
248a61d1-ed39-452b-b985-77120c1edc7a___RS_Erly.B 7669.JPG,Tomato___Early_blight,167.38837316176472,321.6841061130335,238.6167738970588,319.5747481737793,0.31641113824878436,0.19295528749331137,0.2767084315881001,0.19603216899547915,8.180958946078432,12.411211072664361,10.073452818627452,12.309757785467127,7.29408155418959,7.731992821168135,7.499865141970064,7.725728661548532,0.0012272548418877358,0.0006628234105682892,0.0009962535536962947,0.0006723584413825989,0.03503219721752742,0.025745357068183948,0.031563484498646446,0.025929875460221536,0.9832564437584435,0.9678199628250234,0.9761092863239418,0.968031144537748
248f220e-56ac-43f1-8f17-641ed4637138___RS_Erly.B 7802.JPG,Tomato___Early_blight,343.24947916666673,527.2574240676663,348.80689338235294,530.602429834679,0.28971043002667707,0.19182595194816549,0.28509434515922205,0.18026027410869874,11.405269607843138,15.065897731641677,11.570526960784314,15.57522491349481,8.120803135567613,8.448403628225407,8.141614603854103,8.510063579867378,0.0006966034369668519,0.0003872978792500031,0.0006913503304393142,0.0003684806408560514,0.026393246048314178,0.019679885143211662,0.02629354161080843,0.019195849573698253,0.9632570243963013,0.9435755359654051,0.9626251298875369,0.9432185464685414
24f5a397-b5ac-451c-b979-28ee2bb056e6___RS_Erly.B 7795.JPG,Tomato___Early_blight,234.53838848039223,458.9381622452903,336.25828737745104,456.55904652056904,0.3525064963978456,0.24040683406396016,0.32050140267511806,0.2381645345684591,7.708609068627453,11.522768166089966,9.092539828431374,11.333210303729334,7.802371155243651,8.234924663491931,7.9551115024383146,8.2205092682003,0.000989709111279316,0.0005787781323866061,0.0008395179241082159,0.0005629465259051432,0.03145964258028555,0.024057808137621477,0.028974435699564812,0.023726494176450577,0.9770988775523152,0.9551751154042616,0.9671224411370625,0.9554076666884282
250df77c-cb57-4e85-9cf2-531033930030___RS_Erly.B 6477.JPG,Tomato___Early_blight,237.75995710784312,398.5265513264129,286.22023590686274,445.14193002691275,0.3042991468416975,0.20643124588789677,0.2992756718025237,0.20752359610619284,9.334712009803921,12.849996155324876,10.011014093137256,13.209688581314879,7.097130334840094,7.421941974223815,7.148030348630748,7.43931031158834,0.0017166793570982314,0.001092421052973888,0.0016686374615907944,0.0010920542346044117,0.041432829460443944,0.033051793491032946,0.04084895912493725,0.03304624388042326,0.9770446359006199,0.9615016384774193,0.9723191373199606,0.9569978684032537
250f6c43-1800-4c21-9d73-cc51fe144bbc___RS_Erly.B 6356.JPG,Tomato___Early_blight,157.0256587009804,331.1387312572088,172.90435049019607,230.7776086120723,0.33247248783018146,0.2199076429089507,0.311381706255863,0.24292035319399174,6.828017769607843,10.665405613225683,7.483517156862744,8.85216455209535,7.323922659207037,7.772419002039001,7.431447286453156,7.610863767959621,0.0011673627161878845,0.0006821213442143109,0.0010548575114213883,0.0007879394566399432,0.03416669015558699,0.026117452866125955,0.03247857003350653,0.02807025929057199,0.9850103887004878,0.9683417551113329,0.9834871327061657,0.9779367396783764
25281e43-2651-423f-8e7e-d354185ccd28___RS_Erly.B 7809.JPG,Tomato___Early_blight,216.65151654411767,403.53425605536336,278.7833486519608,371.4253748558247,0.3612324524504996,0.24435513917689658,0.3282423449513071,0.2525926138578306,8.114629289215687,12.174871203383315,9.552374387254902,11.610595924644368,7.627474473862401,8.06662451724269,7.786005991756847,8.019842228339474,0.0018857892134335353,0.0013125270926909638,0.0016954281640850274,0.0013183680425755274,0.04342567458812281,0.0362288157782029,0.04117557727688863,0.03630933822827851,0.9779371656304433,0.9589049783760505,0.9715838352659267,0.9621747343169734
25430871-a740-4dd8-a836-bf2d52eb233b___RS_Erly.B 6420.JPG,Tomato___Early_blight,153.81076899509804,233.55272587466362,119.65670955882352,222.280215301807,0.34442060855579065,0.26238075851575704,0.35738035840192645,0.26555402834015823,6.455683210784314,8.516478277585545,5.983210784313726,8.365874663590926,7.218680220888523,7.495131596354938,7.162615799398312,7.481916713329599,0.0016927478736017997,0.0012241807449623447,0.0017869804291393335,0.001202910719134583,0.041143017312805334,0.03498829439916077,0.04227269129283506,0.03468300331768549,0.9856391185626096,0.9782140913669239,0.9888404403109194,0.9792658573575554
257ffdcb-bd8b-4d18-98cc-e63a118155ea___RS_Erly.B 9520.JPG,Tomato___Early_blight,107.54799325980392,233.93697808535183,170.62242647058824,229.70386774317572,0.38106659585954883,0.2617128813348412,0.34449245531912487,0.2829928573061783,5.265180759803922,8.573871587850826,6.6796875,7.783129565551711,7.329106116020199,7.813911165399741,7.545172008465442,7.704410716246112,0.0012857824176698866,0.0007710231225945838,0.0010700353426641796,0.0008335476802536983,0.03585780832217561,0.027767303120659444,0.032711394691516585,0.028871225818342013,0.9897257904539742,0.9775997705690216,0.9836665470671915,0.9780050146790557
2586a260-ecf6-40e8-aa11-4b8a50845575___RS_Erly.B 7833.JPG,Tomato___Early_blight,542.9405330882353,757.3618300653595,508.1502604166667,846.6462283737025,0.27852206693426174,0.18961213201686514,0.28577749028152677,0.17700170983154082,14.400704656862745,18.23044982698962,13.93123468137255,19.384375240292197,7.71457674173519,7.9944789460966685,7.682975934786137,8.070908043980962,0.0010487475426368463,0.0006353793183676286,0.0011110926902738732,0.0005954372678653598,0.03238437188887328,0.025206731608196028,0.033333057019629526,0.024401583306526642,0.9357201512538419,0.9103009157245395,0.9397788049238708,0.899729709701644
258e6e39-d791-482c-921d-65048753770a___RS_Erly.B 9422.JPG,Tomato___Early_blight,177.66034007352943,301.2177008842753,187.76654411764704,283.4559477124183,0.3304981975302606,0.22547380053307275,0.3168323033306303,0.2243462033905142,7.658226102941178,10.67277201076509,8.071078431372548,10.550142252979622,7.613905798934331,7.978804182603302,7.681099005769923,7.971400286777369,0.0013586435167663882,0.0008981512300964894,0.0013330014766706315,0.0008628294118681766,0.03685978183286478,0.02996917132815803,0.03651029274972513,0.029373958055872833,0.9822568636847036,0.9699182831586365,0.9812292544025999,0.9716924640608123
25b96058-36c9-4213-bb16-088e76cb30b1___RS_Erly.B 9417.JPG,Tomato___Early_blight,129.16364889705886,265.2945174932719,161.81999080882355,228.42400615148017,0.3690202531763874,0.2649583257974022,0.34315851261403857,0.27142908372154423,5.794102328431373,8.706066897347174,6.5869944852941185,8.159246443675507,7.65915607556331,8.063138562869959,7.795294623327004,8.021150518547167,0.0011093031704677893,0.0007015260596100545,0.0009678566011269704,0.0007307854415559861,0.03330620318300766,0.026486337225257374,0.03111039377968351,0.027033043512634424,0.9876941927497026,0.9747839579515886,0.9846695037143431,0.978288479273653
002533c1-722b-44e5-9d2e-91f7747b2543___Keller.St_CG 1831.JPG,Tomato___Septoria_leaf_spot,352.1412530637255,623.7782391387929,445.94682904411764,630.846059207997,0.31811833362643893,0.21422194485917012,0.2996256811976436,0.20949524853455626,10.970297181372548,15.625405613225682,12.52921262254902,16.059838523644753,6.8262244759121185,7.185621045434258,6.9520580658490205,7.22284635528541,0.002369361651580822,0.001489263541467578,0.002165322250606738,0.0014704189868120696,0.04867608911550744,0.03859097746193504,0.046533023226594014,0.038346042648649804,0.9628197443941644,0.9340884837718405,0.9528095602009763,0.9333414447139047
0286577f-36c8-4b0d-bbf5-404993cd089d___Matt.S_CG 1422.JPG,Tomato___Septoria_leaf_spot,283.2897058823529,452.1069742406767,321.1291053921568,469.76744329104196,0.30032742225236375,0.1956155582290957,0.28580881541870545,0.1886216737762632,10.28388480392157,14.05520953479431,11.07389705882353,14.424698193002692,7.6721553731743874,8.0081049642923,7.7388699678759725,8.044173475936226,0.0011145473599021409,0.0006224670043063022,0.0010188872481437428,0.0006125303889714436,0.03338483727535812,0.024949288653312387,0.031920013285456864,0.024749351283850727,0.97126471876698,0.954240927114219,0.9675187368850674,0.9524540709777847
03611d8a-1664-4d1a-8d9b-7dc3e1a302cc___Keller.St_CG 1945.JPG,Tomato___Septoria_leaf_spot,569.2958946078431,936.9078200692043,504.291712622549,803.0272202998847,0.33112740184029543,0.23985760770027048,0.3381396003445929,0.2562172145192193,13.364307598039217,18.29790080738178,12.601976102941176,16.860915032679742,6.266118078740197,6.5853643845390915,6.22667958774933,6.5071363069128045,0.0038413891761131537,0.0026423393480844103,0.004003994716950812,0.002852989940727556,0.06197894139232416,0.051403690024009074,0.0632771263329081,0.05341338728004016,0.9424353732134564,0.9053130271261739,0.9490505898501788,0.9188411718227967
041684a2-1a2c-430f-ab09-b17293f015bc___JR_Sept.L.S 8400.JPG,Tomato___Septoria_leaf_spot,333.08394607843144,539.9157708573625,357.50147058823535,544.3722875816993,0.32249006534831576,0.21967218382554332,0.31168075389790006,0.22164707445362342,10.377573529411766,14.238723567858518,10.77999387254902,14.249288735101885,7.461594708840201,7.818093200249644,7.523990483859562,7.8090185915937305,0.0017390638422571853,0.0011101501344897217,0.0017308791240148028,0.0011035484681090777,0.04170208438744022,0.03331891556593224,0.04160383544836705,0.03321970000028714,0.9672713927151444,0.9470430271315716,0.9649370620518047,0.9466054502730796
04840559-16ed-4f17-908b-2048ba83ab80___Keller.St_CG 1780.JPG,Tomato___Septoria_leaf_spot,399.1336397058824,653.5128642829682,435.8397824754902,665.7597385620916,0.29674861143998105,0.20238134259525956,0.30414613196260454,0.200143586768176,11.168075980392157,15.027789311803154,11.453967524509803,15.29917723952326,7.227217861190123,7.536463081584323,7.233735261749361,7.554464432000517,0.001447396166551026,0.0009149431628121617,0.0014906493483576029,0.0009036105800847604,0.038044660158174974,0.030248027420183315,0.0386089283502871,0.030060116102316712,0.9584265889878169,0.9316879534291719,0.9543961977378858,0.9304079851521143
057115de-0a9b-4e3a-b98f-7ba3ce174b8f___Keller.St_CG 1800.JPG,Tomato___Septoria_leaf_spot,233.15226715686273,374.99617070357556,248.03455882352944,388.27964628988855,0.35467341695660315,0.2596847798335899,0.34998844496653514,0.25479642301893174,7.8674019607843135,10.599215686274508,8.116727941176471,10.835863129565553,7.000619331111576,7.31114289223477,7.028723308874467,7.329881031552497,0.0019218143872323746,0.0013224933893316694,0.0019064611473802143,0.0012783653286872038,0.04383850347847625,0.03636610220152373,0.04366304097724086,0.035754235115398623,0.9774001397303496,0.9636662169203777,0.9759657947457858,0.9623800895528267
06225525-413e-411b-a503-85e8dc6050a8___JR_Sept.L.S 8351.JPG,Tomato___Septoria_leaf_spot,326.8147212009804,467.6073356401384,302.6655790441177,487.21950019223374,0.29468469413687026,0.19606478820126894,0.30103774670152994,0.1966415363183977,10.948789828431373,14.261883890811227,10.704488357843136,14.521768550557479,7.628385419330371,7.925792659846753,7.606092105144006,7.942940221245896,0.0011394122049286932,0.000670620015576773,0.0011906533422767086,0.0006782715251180268,0.033755180416177505,0.025896332087320263,0.03450584504510371,0.026043646540337372,0.9651909352278311,0.950220280862132,0.967734386273429,0.948131697676421
0648ab1f-53de-4c70-9854-10f0794cb30c___Matt.S_CG 7480.JPG,Tomato___Septoria_leaf_spot,334.05704656862747,537.7313802383699,353.1968903186275,537.3988773548635,0.2906891339612426,0.19561794196441212,0.29076376940605486,0.19030788386489772,10.708180147058824,14.16896578239139,10.712025122549019,14.452472126105345,8.455958055163688,8.792539618080285,8.449827854680407,8.823110143855354,0.0005112941555681708,0.00028163597799976675,0.0005129535562118536,0.00027436393981494414,0.022611814512952532,0.01678201352638493,0.022648478010936047,0.016563934913387705,0.964097937132113,0.9422983961282922,0.9621188399638294,0.942334633488512
0650f176-add9-444e-893e-707969054a43___JR_Sept.L.S 2722.JPG,Tomato___Septoria_leaf_spot,839.7433670343137,1149.8981161091888,754.2198223039215,1274.1574163783162,0.2827217353046417,0.1855270824158099,0.2872942647195392,0.1850001124249974,16.485523897058826,21.329288735101883,15.935968137254902,21.889457900807383,7.8586376165537635,8.177693791196118,7.821867955083665,8.189962402668847,0.0010824649492532919,0.0005828581885445828,0.0010752897398236256,0.0005918615574023595,0.032900835084436565,0.024142456141506872,0.03279161081471335,0.024328204976988323,0.8942418249028501,0.8551950784692511,0.904843899246964,0.839550044743953
0663ec0d-8837-4ba8-82a4-89d8a07ca206___Matt.S_CG 0714.JPG,Tomato___Septoria_leaf_spot,112.91753982843137,211.84625913110344,127.31720281862745,177.12099961553247,0.3545935394761961,0.25025612688711074,0.3455993577042768,0.265678360276267,6.322993259803922,9.213025759323337,6.738189338235294,8.396416762783545,6.8797392039182075,7.254313548596244,6.944786937875724,7.166403627214001,0.0016800589673292724,0.00106839563229533,0.001602194792304943,0.0011534685222212909,0.040988522385288204,0.03268632179207887,0.0400274255018349,0.033962751982448226,0.9890618393418846,0.9794382878819006,0.9876457288659878,0.9828090908290821
06778fed-2b98-49b1-a9d3-d57765586a3f___Matt.S_CG 2795.JPG,Tomato___Septoria_leaf_spot,381.4869025735294,667.1328412149173,406.8256740196079,547.4827527873895,0.29213309444946317,0.18564749385812027,0.28559780064033025,0.1940916906868399,11.489874387254902,16.159430988081507,11.780330882352942,15.024282968089196,7.486184912629689,7.8552197255322165,7.5204265220188695,7.796492208061718,0.0012248554398398453,0.0007098372982561789,0.0012101393028297414,0.0007437222338257208,0.034997934793925274,0.026642771970201953,0.0347870565416182,0.027271271217633414,0.9604212208296077,0.9307940106617788,0.9578051193468419,0.9432061759102341
0745df82-cfd3-498c-add3-1a4d20f281b2___JR_Sept.L.S 8430.JPG,Tomato___Septoria_leaf_spot,464.00386029411766,710.3387620146098,489.21654411764706,754.6802614379085,0.32182055132135606,0.2282743643178059,0.3232702109712242,0.22019445102518204,12.554258578431373,16.77840830449827,12.96124387254902,17.302575932333717,7.026706221040561,7.305398554800906,7.029450753437551,7.348963536757189,0.0024358926704873126,0.0015459538896183574,0.0023682261301617765,0.0015260177487705095,0.04935476340220175,0.03931862013878866,0.04866442366001859,0.03906427714383705,0.951853857965954,0.9263753102635749,0.9492485558282912,0.9217793292885865
074642ac-c747-436b-bfd8-63969f221783___Matt.S_CG 1003.JPG,Tomato___Septoria_leaf_spot,282.02909007352946,543.5996616685891,382.46283700980393,542.8994079200307,0.3372689880836317,0.2336191255348525,0.33064801995790777,0.2369127037263467,9.122840073529414,13.229834678969628,10.30202205882353,13.113417916186084,6.979674195633876,7.34510833613909,7.061975642670362,7.339212706434444,0.0020075656138489406,0.0012680924040542182,0.0019095913990787798,0.0013037923928646022,0.044805865841973644,0.03561028508807839,0.043698871828444036,0.036108065482168966,0.9717473961553588,0.9456567551046777,0.9617755494057024,0.9457261442214688
0751d5c2-c59a-4c96-b348-2a9d3c8c8333___Matt.S_CG 6845.JPG,Tomato___Septoria_leaf_spot,575.7785539215686,1016.762091503268,654.3820925245097,885.2105805459439,0.27573152480574714,0.17244256537849284,0.2665911070136768,0.18182024852000978,14.908700980392156,21.22502114571319,15.906510416666666,19.809058054594388,7.547585360309778,7.945703926441561,7.622037046622655,7.878561959927295,0.0012882844836195812,0.0007119583882282286,0.0012539522668940431,0.0007537437542506128,0.03589268008410045,0.026682548383320296,0.03541118844227122,0.02745439407910167,0.9311438162386182,0.8785454053485631,0.921766751203744,0.894260052047369
0751ddb1-c3ee-46ee-bee1-46c24c567dc2___Matt.S_CG 6116.JPG,Tomato___Septoria_leaf_spot,146.86295955882352,261.26123798539027,173.8007352941177,257.3731949250289,0.36367027459715895,0.25537312510487975,0.34735853907945424,0.2577061492295444,7.10765931372549,10.229204152249135,7.82702205882353,10.021499423298732,6.657193373008651,7.014668221030259,6.74404553128811,6.992879009564128,0.0033669478413876274,0.002274494312881465,0.003084125100810086,0.0022595302046458043,0.05802540686102621,0.04769165873485074,0.0555348998451432,0.04753451592943599,0.9859948694985042,0.975085258480038,0.9834108781976921,0.9754563866741236
07679a50-9d8d-4612-80f4-464785781d56___JR_Sept.L.S 2727.JPG,Tomato___Septoria_leaf_spot,365.02104779411775,504.1123875432526,305.94325980392165,548.399661668589,0.3452333064627043,0.2540432561810344,0.35816202966049127,0.25446756975887075,9.886917892156866,12.550742022299115,9.041329656862747,12.747527873894656,7.823962230404462,8.112481000277606,7.748633600523834,8.119274919431438,0.0012941837274125343,0.0009366077962798148,0.0013533931088328412,0.0009049830152866116,0.03597476514742708,0.030604048690979022,0.03678849152700939,0.030082935616169704,0.9622012135603947,0.947809034536891,0.9683288726602097,0.943225688421634
0806cabf-f026-43bd-a508-0e8e5a185341___Matt.S_CG 1266.JPG,Tomato___Septoria_leaf_spot,393.8251225490196,728.0846905036525,472.0494025735295,686.5839446366782,0.30134721397813624,0.20314384474334946,0.29447640590608626,0.21123578509013158,12.385631127450981,17.80891964628989,13.384420955882355,17.196355247981543,6.479648295702438,6.847110555886269,6.562990831484317,6.81155250803521,0.0029781537787449547,0.0019364889232411572,0.0029227782780736383,0.0020287336917262323,0.05457246355759427,0.04400555559518772,0.05406272540367937,0.04504146635852603,0.9603017194002297,0.9265988948442604,0.9524383049829771,0.9307818005806212
08233234-a3af-4040-8814-eb13f89802dd___Keller.St_CG 2009.JPG,Tomato___Septoria_leaf_spot,353.3471047794118,674.3907881584006,486.81908700980387,683.158861976163,0.36751210490744246,0.2567492761516553,0.3498854083589787,0.2554306454389002,9.80923713235294,14.719830834294502,11.680453431372548,14.812349096501347,6.188911707289136,6.584193732334605,6.341931096564933,6.593179478077399,0.004019385385128316,0.002559248010517352,0.0036142625995710786,0.00256827124574717,0.06339862289615064,0.05058901076832153,0.06011873750812702,0.05067811407054499,0.964436543209206,0.9320843866791255,0.950923536088789,0.9311994570466074
09033832-a345-408c-823e-a4081d7fbbf4___JR_Sept.L.S 8523.JPG,Tomato___Septoria_leaf_spot,436.5546875,621.8012302960399,426.17752757352935,686.283844675125,0.2959313408660865,0.20540667302041812,0.29644406393314787,0.19323709002419914,12.417555147058822,15.940222991157246,12.224954044117645,16.714540561322572,7.435575946100096,7.697527881905596,7.435585541217428,7.766450854625914,0.0016542160579764995,0.0010250241493194364,0.0017076305021280875,0.0010015192748892457,0.04067205500065739,0.03201599833394918,0.041323486083921904,0.03164678932987114,0.9527015324548777,0.9327172463795714,0.9537865681233697,0.9257396682250729
09332ad5-89d0-4ce9-84de-6bca4f10bf16___Keller.St_CG 1953.JPG,Tomato___Septoria_leaf_spot,567.6186427696078,870.567904652057,507.8326593137255,805.0597154940408,0.325668320240303,0.2300253590501492,0.3320587829130398,0.2438029168172321,13.074004289215686,17.618208381391774,12.434160539215686,16.679584775086504,6.707642538211357,7.029950351588291,6.67730603085395,6.979924325166128,0.002717289497466419,0.0017842920557718832,0.0028370850125627764,0.0019274724283875676,0.052127627007820136,0.04224088133280227,0.0532642939741322,0.04390298883205525,0.9407953404929397,0.9092034998951259,0.9470173536818817,0.9160343794965916
09560c54-eb85-4f41-b645-df4d114c8f95___Matt.S_CG 6342.JPG,Tomato___Septoria_leaf_spot,230.84237132352942,409.48673587081896,255.07276348039218,365.88338331411,0.299728944601536,0.1935694651187135,0.2943265375599413,0.21238351325189256,9.253186274509805,13.323444828911956,9.758731617647058,12.330934256055365,7.223688611316463,7.592386289822981,7.256809407950105,7.513359784323733,0.001472735025478482,0.0008858608044313835,0.0013920647820249423,0.0009595020162741654,0.03837622995395042,0.029763413857139834,0.037310384372516756,0.030975829549411027,0.9767645539890172,0.9588171621756649,0.9743691053883806,0.9632019534619138
10361c83-4549-4865-b995-5f27c884e8e2___Matt.S_CG 6096.JPG,Tomato___Septoria_leaf_spot,253.48141850490197,458.4122568242983,253.46606924019608,414.73545559400236,0.3223687307892198,0.24881675184287919,0.32637921501812905,0.2481604992805194,8.775536151960786,12.198185313341023,8.930897671568626,11.919892349096502,6.966257173805584,7.2838360553917605,6.983513297491521,7.2691308435125865,0.002096399456113635,0.0015234849045874614,0.0020748395674139754,0.0014742030576770744,0.04578645494153959,0.03903184474999179,0.045550406885273544,0.03839535203220664,0.9759896437956364,0.956630793982258,0.9760447053483184,0.9607638565072625
10738d0a-42a6-4f9f-aab6-d2676eb89236___Matt.S_CG 1692.JPG,Tomato___Septoria_leaf_spot,378.02489276960785,607.0941791618609,434.8025735294118,645.4964398308343,0.299299396425863,0.19639490897319262,0.29487516460900076,0.19435346503202863,11.436320465686274,15.31455594002307,11.920925245098038,15.793525567089581,7.65198534770273,7.983558670941674,7.677624028062757,8.012295548149488,0.001141116073708129,0.000659369026877398,0.0011185237968119233,0.0006524311694508411,0.03378040961427391,0.025678181923130733,0.033444338785688726,0.025542732223684316,0.9607075804912723,0.9369650652887489,0.9548308263944141,0.9329768894552534
1096dcdd-94e3-4752-bd19-2fba23b6c206___Matt.S_CG 1567.JPG,Tomato___Septoria_leaf_spot,482.9191023284315,784.7734409842368,570.0117647058823,865.0109188773552,0.3366004753047344,0.2358070286426625,0.31850372227240786,0.22420242341168503,11.916007965686276,16.53294886582084,13.242524509803921,17.56587466359093,6.95242129732208,7.281284720103411,7.052822167257628,7.356400531430893,0.00330644243087094,0.0021449943024604884,0.0030207745509164144,0.002065440125134494,0.057501673287574336,0.046314083197883646,0.05496157340284587,0.0454471134961781,0.9511902180079014,0.9205861306675963,0.9423471917992339,0.9124675980351621
1142c61e-5959-43fd-8745-fc95bc0b1b5f___JR_Sept.L.S 8378.JPG,Tomato___Septoria_leaf_spot,245.8058670343137,354.8628527489427,263.0733762254902,434.70319108035375,0.31516862286273534,0.2253930726677878,0.31449996016483217,0.21244033774996912,9.059574142156862,11.683337178008458,9.257383578431373,12.766889657823913,7.653503657750511,7.934225293800471,7.666847636317712,8.016229815374235,0.0013235771651453165,0.0008612347807552207,0.0013059749405276819,0.0008170331672333167,0.0363810000569709,0.02934680188291768,0.03613827528435304,0.028583792037329768,0.974133567552878,0.9627247808381207,0.9723398815706965,0.954338447087144
115872f2-53a2-4ed9-a394-01882a0d30db___Keller.St_CG 1914.JPG,Tomato___Septoria_leaf_spot,358.22651654411766,562.6580238369859,328.3053615196079,525.9120953479431,0.38903743331040985,0.3027937827830963,0.4003359761084462,0.3038427340612799,8.335401348039214,11.02806612841215,7.837745098039218,10.899161860822762,6.847718006360955,7.128456250526245,6.789306689132911,7.114197413848969,0.0030389306912831,0.0021985426892711683,0.003128805721507354,0.0021829869652062075,0.055126497179515226,0.04688862004016719,0.05593572848821542,0.04672244605332867,0.9653552416314141,0.9456906073469604,0.968275025792468,0.9492370475735077
11971add-1e25-4f5c-8a7e-2fa5ae46cfc6___Matt.S_CG 0740.JPG,Tomato___Septoria_leaf_spot,116.88141850490197,216.66396001537873,140.79385723039218,218.28010765090355,0.3649109046643533,0.286060811364986,0.36963427161218976,0.2844505365743294,5.7657628676470605,7.985359477124184,6.101455269607843,8.068250672818149,7.058493728383679,7.35372809975505,7.085789902747349,7.368599592687175,0.0015803084910626327,0.0011589927926753396,0.0015712812248444108,0.0011065154161716707,0.039753094106781586,0.03404398320812856,0.03963938981422911,0.033264326480054736,0.9889156000028033,0.9794879450655479,0.9866965012613074,0.9793351737976754
12703385-4e74-4e56-b90a-fede2827fbf2___Matt.S_CG 6039.JPG,Tomato___Septoria_leaf_spot,287.3818167892157,477.1898039215687,314.2692861519608,462.0975778546713,0.2822035556012431,0.17727238951130636,0.2701852548932042,0.1808806738566338,10.920052083333333,15.148589004229141,11.513036151960783,14.852272202998847,7.521614901538912,7.8754239777658785,7.57672861793251,7.8568701829347285,0.0011261725508217991,0.0006379087332364552,0.001050969893452939,0.0006545510769007455,0.033558494465958974,0.025256855173129835,0.03241866581852095,0.02558419584237006,0.969964912711534,0.9500936734374072,0.9671108884824566,0.9516722675895666
128693e3-7738-4185-802e-480a37afd497___Matt.S_CG 7673.JPG,Tomato___Septoria_leaf_spot,249.79480698529414,430.32975009611687,256.1175091911765,350.0607612456747,0.30224803134546574,0.20718913681160983,0.31565379655228964,0.20966613978562298,9.273544730392159,12.692195309496348,9.16698835784314,11.861453287197232,8.07039081473366,8.403525057951992,8.02971742441593,8.361200443725384,0.0007298712343584801,0.0004314450967532228,0.00077754553443237,0.0004401942233497571,0.02701612915201732,0.020771256503958127,0.027884503481904962,0.020980806070066926,0.9740176266706188,0.9553745738849141,0.9734737547990725,0.9636987970035163
131407de-62dc-44bf-81c8-b0c4c173df9e___JR_Sept.L.S 2726.JPG,Tomato___Septoria_leaf_spot,453.29201899509803,610.2224221453288,410.4985294117647,712.9956785851595,0.29979829793847396,0.19947137449164,0.2991910146689147,0.19698497906780846,12.038495710784314,15.457270280661284,11.748958333333334,16.150003844675123,7.8461439195971145,8.163067227526053,7.834337195989197,8.18850273148798,0.0008659352819904004,0.0004894919160568917,0.0008592587257980704,0.00048206875154189777,0.02942677831483427,0.022124464198187754,0.029313115252358805,0.021956064117730614,0.9496912256250738,0.9323167105307986,0.9545894613640913,0.9209190242656504
1469ba5d-2d15-4089-a7a2-762a4a43bdbd___JR_Sept.L.S 8452.JPG,Tomato___Septoria_leaf_spot,415.5491115196079,665.205290272972,447.88748468137254,661.3353940792003,0.297482760207932,0.1958200713991951,0.28930061890073516,0.19397799435656132,12.05392156862745,16.47286428296809,12.628507965686275,16.519461745482506,7.626918849876734,7.948600712204876,7.659634299578972,7.966770732395812,0.0014617708727562716,0.000821982850176957,0.0013657277953115989,0.0008236460675743411,0.03823311225569103,0.028670243287718312,0.036955754562876926,0.0286992346165249,0.9543641925195229,0.9270655722272737,0.9508454597778305,0.9274899667820599
1512a5b8-2c65-4abb-8003-ee207d10ac5a___Matt.S_CG 2803.JPG,Tomato___Septoria_leaf_spot,469.7856924019609,683.1545559400231,472.81112132352945,777.8796155324876,0.29232040004687,0.19920987836947499,0.2959112704364104,0.18975490477514967,12.846047794117649,16.567889273356403,12.67873774509804,17.600030757401,7.302341362495947,7.592641375752475,7.290894970368862,7.650633347964973,0.0015751099430657686,0.0009886018759826943,0.001611726578269176,0.0009500964716347675,0.03968765479422749,0.03144203994626771,0.04014631462873244,0.030823634951685493,0.94988334160556,0.927204694542176,0.9496107891373561,0.9171120159897617
1585bf58-6209-411e-92e5-84d55162dec8___Matt.S_CG 7594.JPG,Tomato___Septoria_leaf_spot,274.146706495098,482.24059976931954,321.0495098039216,448.77687043444837,0.30373631276212976,0.1945513768332186,0.28623356864374383,0.20118985133565115,9.78080575980392,14.027912341407152,10.689460784313725,13.349111880046138,8.053706813915095,8.469423918660416,8.147275705418458,8.416007522121907,0.0007204852897998966,0.000385361617489266,0.0006493491789140596,0.0004006544668813241,0.02684185704827251,0.019630629574449873,0.025482330719815635,0.02001635498489483,0.9716687540280982,0.9501675085794946,0.9668381920921391,0.9536245644562337
17387441-89a3-4172-8195-fae50dba7a58___JR_Sept.L.S 2514.JPG,Tomato___Septoria_leaf_spot,307.2832414215686,529.6981622452904,313.76783088235294,437.3480661284122,0.28922671333984074,0.20420454080982467,0.29906761691091505,0.20045835887138536,10.120496323529412,13.740238369857748,9.976470588235294,13.07294117647059,8.021364815240359,8.344707291460296,7.989011478420077,8.322661913167885,0.0007656335885686996,0.00048741469765643325,0.0008022785003439182,0.0004709725549913447,0.027670084722831976,0.022077470363618047,0.0283245211847247,0.021701902105376494,0.9674111474587299,0.9439051798029614,0.9667826492123948,0.9536858269170884
1747b1ad-eb6e-457b-a979-cead92fc123e___Matt.S_CG 7591.JPG,Tomato___Septoria_leaf_spot,271.7411305147059,361.2115647827759,252.81348039215686,458.15787773933107,0.286057604334633,0.2026448614245139,0.2993398079134706,0.18786386454776866,9.939108455882351,12.358846597462515,9.504013480392157,13.672525951557095,7.993125069058205,8.250716151185317,7.937884724496602,8.343134309876866,0.0007640590176404508,0.0004924907922174079,0.0008380911891985656,0.00046453017434367437,0.027641617493201275,0.02219213356614023,0.028949804648711632,0.021552962078184853,0.9723503141487505,0.9632791027706334,0.9743093546323482,0.953423947815941
175164c2-7b16-48bd-a67e-c3f95cb8cbf7___Matt.S_CG 1701.JPG,Tomato___Septoria_leaf_spot,367.03799019607845,612.166397539408,398.44131433823526,550.6128719723183,0.2992448560637583,0.19206350500947286,0.2935258346490416,0.1952830440694146,11.496231617647059,15.789342560553633,11.88298100490196,15.244690503652443,7.872379741817545,8.233990683948022,7.897161897049067,8.202147637341824,0.0009964255597306325,0.0005457353890889568,0.0009667265942260788,0.0005558480819712527,0.03156620914412487,0.023360980054119237,0.03109222723167446,0.023576430645270558,0.9608624805588539,0.9347563039386708,0.9575258457257331,0.941316096518876
17579194-bf69-46cc-881d-6fa6ee2b0576___JR_Sept.L.S 8474.JPG,Tomato___Septoria_leaf_spot,514.461887254902,841.39600153787,575.3428615196078,815.1188158400615,0.30524801155216225,0.19907503310305036,0.2964059549321833,0.206582785515329,12.96666666666667,18.129350249903883,13.862683823529412,17.680230680507496,7.336440717618208,7.688938042962057,7.3810662596061825,7.650659902987419,0.0020432421997023387,0.0011990867972732813,0.0019113696551882088,0.0012372464321459187,0.04520223666703163,0.03462783269673806,0.04371921379883459,0.03517451395749369,0.9435913904145579,0.9079928811221126,0.9369978580238625,0.9108645454019174
1764aae7-ae4b-45f9-b364-23cd799cee12___JR_Sept.L.S 8458.JPG,Tomato___Septoria_leaf_spot,525.589231004902,776.0721722414457,510.6318167892157,780.3886966551327,0.2881594756017073,0.18421468504655344,0.2875035774597948,0.18523238513367057,14.216038602941175,18.78912725874664,14.079090073529413,18.778792772010764,7.338261814568121,7.651600154781397,7.3358604348518615,7.649717679837225,0.001766393442238262,0.0010134994067434217,0.0017793998439602555,0.0010155172625321849,0.04202848370139306,0.03183550544193419,0.04218293308863497,0.03186718159066134,0.9359674354393781,0.9056061525342082,0.9378020029397081,0.9050799323954071
184031fe-22fe-479d-bb2d-9bb7122d60a9___Matt.S_CG 0881.JPG,Tomato___Septoria_leaf_spot,244.59329044117652,425.4567474048443,288.6349571078431,469.0975317185698,0.33344939265861223,0.25774168456503493,0.3334586043353822,0.24600184280270018,8.384283088235296,11.38726643598616,8.964552696078432,12.135840061514802,6.769770270880139,7.0601037670856766,6.814991819079369,7.124159027990232,0.002246174121168842,0.0016371173598537575,0.0022250109257857557,0.0015501245269726649,0.04739381944060683,0.04046130694693088,0.04717002147323823,0.03937162083243037,0.9763824630060522,0.9588355856871665,0.9720426965121912,0.9546138025187056
18927674-9831-4c32-83ed-7b194445c824___Matt.S_CG 1602.JPG,Tomato___Septoria_leaf_spot,329.3369485294118,510.80785851595545,344.0729013480392,511.6521030372934,0.2912750723268549,0.1884843976750038,0.28161986578539905,0.18544808834243648,11.15545343137255,15.050257593233372,11.564905024509804,15.090257593233373,7.7952110670753765,8.126294657851432,7.82873491951275,8.134631463985812,0.0010955507835027395,0.0006150607498579865,0.0010383864670063798,0.0006095691170151486,0.033099105478890806,0.02480041834038262,0.0322240045153668,0.024689453558455858,0.9652862669351366,0.9461994362380424,0.9637596793786704,0.9461110378138821
19352c8e-cfc9-4980-86a7-4c067390770a___Matt.S_CG 1107.JPG,Tomato___Septoria_leaf_spot,519.3270220588236,859.0870742022299,519.4553462009803,798.4612226066897,0.2964041165841562,0.21167704902307946,0.30774983241558546,0.21136617406762787,14.002236519607841,18.68944252210688,13.571553308823528,18.332441368704345,6.446368857241859,6.730440003428553,6.408795035318675,6.71557516658732,0.0030037567478929375,0.0020832524562093575,0.0031633681400332807,0.002077084657203829,0.05480653928039005,0.04564266048566141,0.05624382757275042,0.04557504423699256,0.94504397416259,0.9091280822619132,0.9451286640018939,0.915541187001483
2003cfd2-132f-4763-8324-2c52541c05eb___JR_Sept.L.S 2486.JPG,Tomato___Septoria_leaf_spot,348.1137254901961,617.1128796616687,332.3067555147059,472.3389311803153,0.34671205593143967,0.2657571181459567,0.3467657415290959,0.2743688946479234,9.70049019607843,13.811410995770856,9.666835171568627,12.260376778162247,7.3533750559424895,7.674588634504139,7.3352939837471025,7.601395638772501,0.0023212276518871943,0.0016860278948105164,0.0022464509030481064,0.0017769848966793448,0.048179120497236085,0.04106127000971251,0.047396739371481096,0.04215429867379298,0.9652810349051792,0.9385627329503603,0.9668312834309163,0.9529759858443314
2097ad9f-76af-47d8-b6f4-232437ba1f87___Matt.S_CG 1240.JPG,Tomato___Septoria_leaf_spot,226.937806372549,394.19031141868516,250.53645833333331,403.9472356785852,0.3416907673969577,0.25380309637314463,0.3344062856743144,0.2494399969423154,8.174050245098039,11.425128796616686,8.745680147058824,11.58319108035371,6.589689786363982,6.914326559522181,6.6480769469971825,6.9242513341124905,0.002455839855952338,0.0016768385152192817,0.00231672111725358,0.0016460619573609122,0.04955643102516905,0.04094921873759354,0.04813232923154229,0.040571689111508685,0.9780242426936232,0.9618280746082462,0.9757209456610115,0.960883607296853
2139cc43-0f52-4782-9966-059e4538b624___JR_Sept.L.S 2653.JPG,Tomato___Septoria_leaf_spot,376.448606004902,587.3420838139177,428.612668504902,668.8532871972318,0.2981489487868173,0.1946202595307115,0.28458135441350774,0.1907183898112944,11.056969975490196,14.979792387543252,11.91876531862745,15.742206843521721,7.8619314226153785,8.21894090177161,7.929827436857529,8.25208900122653,0.0009264594653348472,0.0005252863883866866,0.0008621604183186754,0.0005046073871271526,0.03043779665703231,0.022919127129685513,0.029362568319523337,0.022463467833955482,0.9598648243820134,0.9375270220452525,0.9544134553349427,0.9288570234126631
2142a16f-dd81-4045-8ea8-1bb853595821___JR_Sept.L.S 2523.JPG,Tomato___Septoria_leaf_spot,625.9959712009805,853.7864359861592,673.691099877451,1165.4259131103422,0.27781787604046926,0.1958078686797909,0.28065420341181424,0.17671046744716676,14.414598651960787,17.90008458285275,14.653691789215687,20.8240522875817,8.136221756028707,8.408958749767539,8.136996991057941,8.543326192601508,0.0007515945639898118,0.0004560980819342988,0.0007698394059676567,0.00039744403750901125,0.02741522503992648,0.02135645293428426,0.027745979996526643,0.019935998533030925,0.9289031947010074,0.9030240229601021,0.9233345802188028,0.8676278118921951
22368f32-693c-4a7f-b235-76f020778d18___Matt.S_CG 6918.JPG,Tomato___Septoria_leaf_spot,273.65349264705884,446.53310265282585,292.21487438725495,416.56136870434455,0.2940536517215113,0.18451783067674946,0.28567162938956886,0.18983141004665127,10.160140931372549,13.871080353710113,10.449617034313729,13.490180699730873,7.803363013518691,8.152616914816436,7.836189347261887,8.129653126437825,0.0009458894593951244,0.0005231300592547065,0.0009266710116376517,0.0005407488114543825,0.03075531595342705,0.02287203662236283,0.030441271518083006,0.02325400635276387,0.9712561259680831,0.953089417233462,0.969271330780492,0.9562382402130861
2240ebae-0c54-4eff-a068-1c3f58ee05a7___Matt.S_CG 1035.JPG,Tomato___Septoria_leaf_spot,463.4134803921569,752.1720876585929,529.4008118872549,846.5005613225684,0.3209739711671543,0.22396307389041276,0.3091620575196017,0.2166894457500173,12.066758578431372,16.51155709342561,13.00828737745098,17.445182622068437,6.643316364107445,6.967837228475478,6.713781932439051,7.013521325896944,0.0027020291831116637,0.0017791696063428125,0.002551783789400411,0.0016961948654592822,0.051981046383385396,0.04218020396279293,0.05051518375103085,0.041184886371814625,0.9521029188727193,0.9222378559481055,0.9452064041050021,0.9124860148244927
2258389b-40c1-4d0e-9675-d7ea31239390___JR_Sept.L.S 8436.JPG,Tomato___Septoria_leaf_spot,676.9177542892157,1081.44707420223,681.5901654411765,949.8492733564013,0.3015446615997795,0.19754654518323528,0.30172714751917606,0.20414833311205222,15.868091299019607,21.532302960399846,15.968474264705883,20.528242983467898,6.953904092315404,7.276129121923588,6.95055719963144,7.217502757787424,0.0024038920389693867,0.0014219196148052365,0.002371572386709739,0.0014381446464044453,0.0490295017205905,0.037708349404412235,0.0486987924563817,0.03792287761239178,0.9136238883603568,0.8623065667830648,0.9130885883451546,0.8790618625479972
22709956-4b66-48a8-a03b-e82f095153ba___JR_Sept.L.S 2491.JPG,Tomato___Septoria_leaf_spot,233.88607536764707,358.25434832756633,224.7652267156863,398.9894809688582,0.35272544653405385,0.27840433662912933,0.3519069428702866,0.2543430632930301,7.934849877450981,10.198277585544023,7.87218137254902,11.16565936178393,7.388980632704273,7.628703480642782,7.383215179257936,7.748332383860644,0.0016878492215283785,0.001239491450438797,0.0016560035831696348,0.0011194072725998828,0.04108344218208083,0.035206412064264614,0.04069402392452281,0.033457544330089184,0.9774879388544455,0.9655431752341067,0.9783851623626469,0.9616260016350963
23572403-70ff-4ea4-8eb8-6bae4649af5f___Matt.S_CG 7422.JPG,Tomato___Septoria_leaf_spot,427.8795802696079,723.7325336409074,441.35517769607844,649.6903191080355,0.3149065349094453,0.22075944918675508,0.3200777313808285,0.22489431486802652,11.010952818627452,15.113602460592082,11.11783088235294,14.592618223760097,7.952299954223629,8.301559141525537,7.944819348000163,8.270481064025109,0.0008131979502700283,0.0004847025831161558,0.0008297208546217201,0.0004932296320538001,0.028516625857033445,0.022015962007510728,0.02880487553560543,0.022208773762947834,0.9543183550365382,0.9228382135666225,0.9529754245817904,0.9307333064105355
2365ce1e-195c-4cf9-a38d-927f0faa489a___JR_Sept.L.S 2725.JPG,Tomato___Septoria_leaf_spot,402.60874693627454,553.123567858516,347.77369791666666,601.1710419069589,0.32066809062028284,0.22296982179397765,0.32046214715581955,0.21908081332955015,10.783256740196077,13.960968858131489,10.392202818627453,14.35698577470204,7.65576949137263,7.97360748165168,7.640539024029034,7.994086451549315,0.0010180898722846983,0.0006019898595769734,0.0010050507354443002,0.0005931262648367728,0.03190752062264786,0.024535481645506237,0.03170253515800117,0.024354183723474962,0.9558788892567629,0.9394696180025812,0.9620371970546315,0.9342130552167315
2423106f-b2fd-45ed-ac52-69c093b39826___Matt.S_CG 2737.JPG,Tomato___Septoria_leaf_spot,599.9459405637256,951.7328565936178,633.6931832107844,937.5253056516724,0.29251343337138,0.19450274138563006,0.2809874422349228,0.1878936028246429,14.72326899509804,19.95332564398308,15.348268995098039,20.116032295271047,7.211395052782437,7.543488792793523,7.267868358203646,7.57103264969731,0.0016566539443212947,0.000982541095231317,0.00159028343309214,0.000965344503437518,0.04070201400817034,0.031345511564358254,0.03987835795380923,0.031069993618240702,0.9287154442279499,0.8870428591110656,0.9247568259895813,0.8887298661746007
250522aa-27e8-4238-8a1a-61dc70bb4b9d___Matt.S_CG 7557.JPG,Tomato___Septoria_leaf_spot,379.45208333333335,613.9642599000385,427.3608455882353,633.9137408688966,0.29734244570510954,0.18852620904975065,0.2810564967028799,0.19259491962607944,11.385202205882353,15.777962322183775,12.164491421568627,15.69930026912726,8.1585617132346,8.552534030493112,8.231606447381155,8.535219045489882,0.0006856810537864042,0.0003565558510382766,0.0006247613504271193,0.00036201709306197996,0.026185512288026833,0.0188826865418636,0.02499522655282643,0.01902674678083408,0.9584635607079922,0.9327692344518863,0.9531963186639069,0.9305837039910835
25592188-309d-450c-b45f-fbbdb02b316f___Matt.S_CG 6181.JPG,Tomato___Septoria_leaf_spot,426.56072303921576,741.1873894655902,497.6579656862745,772.8169627066516,0.30418333100069916,0.20720209907789144,0.2897889748786667,0.20946702783014925,11.765349264705884,16.66042291426374,12.869546568627452,16.78020761245675,6.873012283074505,7.229229185152645,6.955732764244671,7.229353607614164,0.0021349920487688037,0.0013610449120432639,0.0019693223131202545,0.0013544930298449377,0.04620597416751219,0.03689234218700764,0.04437704714286716,0.036803437744929994,0.9566117037610382,0.924468617328749,0.9492756708186517,0.9212452850169709
2567c820-aa63-490c-8e47-921b85164728___Matt.S_CG 7447.JPG,Tomato___Septoria_leaf_spot,381.520481004902,786.5526489811612,513.1424325980392,621.7776086120723,0.30611076520762437,0.18528466095450893,0.27674574589500517,0.2050925374677987,11.31027879901961,17.51467896962707,13.256004901960784,15.532010765090352,7.917805679222177,8.40112404561512,8.07601202985368,8.272574617558565,0.0008641921076028454,0.00043797261899535585,0.0007516494745110054,0.00048504586929494037,0.029397144548456496,0.020927795368728064,0.02741622648197606,0.022023756929618988,0.9586870844055368,0.9148417754881868,0.9444309535404521,0.9326802788464434
261666dc-32fb-43b2-93db-efc28e296df4___JR_Sept.L.S 8491.JPG,Tomato___Septoria_leaf_spot,385.6297794117648,608.9808073817762,371.2570618872549,557.1159400230681,0.28794444110192674,0.18819110973665215,0.29331521662558113,0.1951143604836868,11.77000612745098,16.030249903883117,11.649647671568626,15.305497885428682,7.512590213213603,7.841623104834683,7.491656062104683,7.787957676014509,0.0014740301159334756,0.0008806986222582296,0.0014774129794955667,0.0008911186526460929,0.0383930998479346,0.029676566888004914,0.03843713021930184,0.029851610553638355,0.9578964011759026,0.9336091597884448,0.9594954689548684,0.9392630680489817
26696658-5564-47e2-9b51-c43cd872343a___Matt.S_CG 7765.JPG,Tomato___Septoria_leaf_spot,343.7172181372549,579.0204229142639,360.03253676470587,528.839323337178,0.2909239724754156,0.19592224525509933,0.29617699798825603,0.1981685476019999,10.715073529411764,14.528458285274894,10.709742647058825,14.087889273356403,7.971672099436693,8.30428947511408,7.9516367570438575,8.280262996465073,0.0007677889438557285,0.0004444173646873168,0.0007837510099781334,0.00045001187695679705,0.02770900474314674,0.021081208805173314,0.027995553396533052,0.021213483376305672,0.9643224983021484,0.9400411359903846,0.962775162255933,0.945237361423192
267884af-5e80-43e4-bace-0c8d3dd2a23d___Matt.S_CG 6230.JPG,Tomato___Septoria_leaf_spot,180.00931372549024,324.78546712802773,222.28751531862744,347.15394079200314,0.3086415796921317,0.22139163080799176,0.30989627097818917,0.22269139820344735,8.012040441176472,11.021776239907728,8.383318014705882,11.223667820069204,7.306329954368854,7.616320139536807,7.316054551945796,7.626080507597852,0.001275256141155145,0.0008593328121366977,0.001271800063564795,0.0008576922991645038,0.035710728656177616,0.02931437893145099,0.03566230592046447,0.029286384194101255,0.9824910111864155,0.9684266873106527,0.9784242827524421,0.96625203939452
2698f5c0-5364-477f-a33d-4e32236a43e3___JR_Sept.L.S 2467.JPG,Tomato___Septoria_leaf_spot,414.5629136029411,622.5889888504422,410.2138174019608,668.045628604383,0.27034265402238167,0.1790221373996559,0.2744892477831054,0.1789046004994717,12.493213848039217,16.414778931180315,12.350949754901961,16.73751633986928,8.307754547806255,8.635502725766896,8.284125015191908,8.64455526356015,0.0005906752924055652,0.00033473748969173274,0.0005969115084567835,0.00032720541488715567,0.024303812301891346,0.018295832577167204,0.024431772519749432,0.0180888201629392,0.9538332808398396,0.9307043142712504,0.954343721887883,0.9256465990261158
2713743d-6169-4d75-95ae-577b22a663ff___Matt.S_CG 6854.JPG,Tomato___Septoria_leaf_spot,460.07763480392157,745.2292041522492,503.3287224264706,714.9580161476356,0.2781787227530055,0.17129097917569502,0.2646817705534985,0.16997067344403738,13.536580882352943,18.58028450595925,14.282245710784313,18.374886582083814,7.819623348586022,8.188527046129716,7.882985022026072,8.189741628560778,0.0009863294156319084,0.0005114614037336068,0.0009194024073898862,0.0005164535392222641,0.03140588186362402,0.022615512457903907,0.03032164915353197,0.022725614166008015,0.9467937916218425,0.9138429332844864,0.9417406014960427,0.9173426342792644
2741b105-dacf-4ed8-bedf-4fc395f8947c___Keller.St_CG 1943.JPG,Tomato___Septoria_leaf_spot,399.76420036764705,709.9020530565167,503.12492340686276,709.1900038446752,0.33119093400510136,0.22714156533578958,0.30893209567523694,0.22697045657443998,11.316743259803921,16.21910034602076,12.84015012254902,16.30216070742022,6.808862441990858,7.172954246984328,6.926998433005694,7.182767758959269,0.002294953671477016,0.0014102064964514726,0.002049950317711337,0.0014044063435809224,0.04790567473146596,0.03755271623267047,0.045276377038267285,0.03747540985207396,0.9576104208110368,0.924683889235897,0.9465843002359168,0.9247578128292723
28213c64-ff3b-4b6b-ad13-2dd9e7a197f2___Matt.S_CG 1690.JPG,Tomato___Septoria_leaf_spot,544.8745710784314,840.248366013072,561.5744332107843,842.6690811226451,0.2970201224624571,0.1936710474330272,0.29344984213998554,0.19598200693837187,13.595526960784312,18.399569396386006,13.90298713235294,18.371441753171858,7.3168719824047255,7.651757642282979,7.34544577569387,7.6486371127825326,0.001960113302463295,0.0012182574915364673,0.0019778837785497166,0.0012041281256831838,0.044273166844752534,0.03490354554391956,0.04447340529518418,0.03470054935708056,0.9398861804218807,0.9073559987773272,0.9380307375467813,0.9070872484836572
28658cdf-b9a4-4f11-8e50-3793211600f3___Matt.S_CG 6487.JPG,Tomato___Septoria_leaf_spot,286.6363051470589,507.4201922337564,372.0805300245098,554.5078354479047,0.34318686631295986,0.2376748471732712,0.32439175309983315,0.22988833791927593,9.85591299019608,14.17233371780085,11.403936887254904,14.833156478277585,6.49334527245286,6.857152216282611,6.621870976514185,6.9021979816525,0.0028633449133521373,0.001809488055122088,0.0025492960377318827,0.0017329177359253628,0.05351023185664717,0.042538077708355465,0.05049055394558355,0.041628328526681954,0.970417420498035,0.9476790148031844,0.9617540440148752,0.9428246301808583
289314a0-89cc-423e-8aad-18fb13b57059___JR_Sept.L.S 8409.JPG,Tomato___Septoria_leaf_spot,624.833318014706,982.2897808535179,614.7705882352941,900.8058592848906,0.31915243393901555,0.2222269784454725,0.3231112112748239,0.2346082614962333,14.475628063725493,19.6161937716263,14.32515318627451,18.63930795847751,6.782429830620078,7.108478698773327,6.7667596042111775,7.024123423014078,0.0033938203230127846,0.002235156058186594,0.003415392062059965,0.0022689907365649594,0.058256504555395223,0.047277437094100115,0.05844135575138521,0.0476339242196668,0.9279038114904299,0.8868024240223132,0.9289851464762937,0.8961926415150999
2967e646-0a62-4db8-a568-57c1e14c93b5___JR_Sept.L.S 8428.JPG,Tomato___Septoria_leaf_spot,532.0040287990196,819.9867281814688,554.325306372549,838.3235678585161,0.31450042267687084,0.21385320011810835,0.310059206611372,0.20978519582725816,13.886841299019608,18.70549788542868,14.314950980392156,18.87913879277201,7.082785713014303,7.372885891806142,7.086322837112057,7.4021930551951725,0.0022263391033496734,0.0013168741623493525,0.002114931287695838,0.0013100944081336236,0.04718409799232866,0.036288760826864185,0.045988382094783876,0.036195226316927814,0.9364453491981393,0.9022843301315415,0.9338632412023029,0.9000995730644189
2987271e-1fdf-4e7c-9c88-bbb4a50b98d3___JR_Sept.L.S 2525.JPG,Tomato___Septoria_leaf_spot,297.86478247549024,480.33411764705886,347.02204350490194,561.1344559784699,0.33688714927330043,0.2500118352530364,0.33133147195928214,0.23578899827158029,8.986412377450982,11.88884275278739,9.44673713235294,12.998169934640522,7.637088096861163,7.940222920713721,7.677067990940818,8.027219881239674,0.0011832237610309138,0.0007684529107117438,0.0011563842491845084,0.0007439141571699054,0.03439801972542771,0.027720983220509043,0.03400565025381089,0.02727478977315692,0.969664932466052,0.9511964216714556,0.9647666420522792,0.9429868875626828
2996fe86-51c4-4ded-b7a4-4f0905247394___Keller.St_CG 1841.JPG,Tomato___Septoria_leaf_spot,236.70173100490203,457.95941560938104,337.25497855392155,478.8155632449059,0.35231442465844276,0.24631582711606675,0.3352254067123419,0.24170161531195422,7.581602328431374,11.054717416378317,8.802527573529412,11.312910419069588,7.046241972071456,7.413703667532287,7.162892422175545,7.432650767550662,0.0016713413354388941,0.0010501525084029284,0.001538014952745038,0.0010320401714597983,0.04088204172297286,0.03240605666234213,0.03921753374123669,0.03212538204379519,0.9771079470948649,0.9557190597614637,0.9673675514268159,0.9537017081590513
305388b4-9b47-499c-bbd5-4bf9db035da9___Matt.S_CG 2569.JPG,Tomato___Septoria_leaf_spot,570.7084712009804,898.5226451364861,531.561856617647,772.7935101883891,0.30698624473607794,0.20509514664157782,0.3105765002256485,0.21547420590992905,13.734359681372549,18.580930411380237,13.338939950980393,17.36882737408689,7.042126554202125,7.384471263223425,7.027674199547242,7.308679544884889,0.0021398014125801976,0.0013333041250363441,0.002190846608538483,0.001378273195430557,0.04625798755436943,0.036514437213742514,0.046806480411781475,0.037125101958520694,0.9386324085031194,0.9035891114253152,0.9429580311961239,0.9170783094971316
3074b681-d17e-4c2d-85a0-6e5d207aa888___JR_Sept.L.S 8516.JPG,Tomato___Septoria_leaf_spot,331.6962162990196,519.8427220299885,345.5710018382353,511.91789311803154,0.2914123970644822,0.18660905435667424,0.28347379391631855,0.18716726849623577,11.252772671568628,15.262083813917727,11.53016237745098,15.064282968089197,7.530879452314243,7.860116280963688,7.561352151201388,7.856622394021468,0.001306369991221826,0.0007481911032650767,0.0012751683781853733,0.0007570992790901557,0.03614374069215617,0.02735308215293254,0.03570949983107259,0.027515437105198888,0.9650352037940547,0.945258067302988,0.9635817476838683,0.946092717484835
3138a911-db1c-4462-a282-ec266c555c07___Matt.S_CG 7541.JPG,Tomato___Septoria_leaf_spot,312.77348345588234,580.3745482506729,401.1257506127451,538.7945405613226,0.3004487677998736,0.18367454433195238,0.2717456776036273,0.188920150280679,10.427864583333333,15.384375240292197,11.996645220588235,14.743298731257209,8.004074859237587,8.44773653683389,8.149308276534647,8.405262072208654,0.0007433477780856521,0.00037720268769545796,0.0006369022074592704,0.00039052864800321534,0.027264404964819095,0.019421706611301128,0.025236921513117846,0.019761797691587053,0.9670186566273115,0.938805117433099,0.9577248384680537,0.9431895670974386
31762015-58df-4fd1-a50d-25710877bbad___JR_Sept.L.S 2480.JPG,Tomato___Septoria_leaf_spot,298.6318780637255,457.5828835063437,286.34174325980393,485.5926951172626,0.31992999814144746,0.2344760066486415,0.33019996482571107,0.2351640568840353,9.546829044117647,12.410073048827375,9.135340073529411,12.697839292579777,8.0219744491049,8.321354397937647,7.976456226914863,8.330097690255108,0.0010470979977277369,0.0007316006723229656,0.0010829402537861038,0.0007432271118034779,0.03235889364189908,0.027048117722365924,0.03290805758148153,0.027262191984568626,0.9687121256735769,0.9520869490869184,0.9700807707679449,0.9491541404882167
318530ca-975c-482f-b3cf-bdf6435f09d1___JR_Sept.L.S 8510.JPG,Tomato___Septoria_leaf_spot,435.41056985294125,715.0694963475587,431.0298253676471,599.5062053056517,0.29489197737449657,0.19226772568731934,0.30083203101493017,0.20201524086879113,12.563265931372552,17.105021145713188,12.335278799019612,15.957078046905037,7.480886726307507,7.8205765768838615,7.464221273316334,7.743764621742701,0.001564592583644212,0.0009254476252812001,0.0016295883372305729,0.000949220695733948,0.03955493121779144,0.030421170675718583,0.040368159943581436,0.030809425436608646,0.9517825395457602,0.9209793112190768,0.9522516724849485,0.9337495899732235
32106b67-e151-43ea-9ef1-63515e971e90___Matt.S_CG 7834.JPG,Tomato___Septoria_leaf_spot,345.01035539215684,537.9027758554403,366.4756280637255,598.7075893886966,0.3142746263424606,0.217148116558619,0.30837143526020105,0.2131749516202447,9.759007352941177,13.267081891580162,10.208256740196077,13.733348712033834,8.060080643451991,8.404168512930951,8.08899954496641,8.432082096075261,0.0007099254568555364,0.0004164024690471133,0.000686497085143034,0.0004067016486280304,0.026644426375051433,0.02040594200342423,0.02620108938847837,0.020166845281997636,0.9642362902838746,0.9443592225525078,0.9621197657638905,0.9380691233792215
32839ce2-35bd-4352-9d5d-1c4c6713cd9b___JR_Sept.L.S 8405.JPG,Tomato___Septoria_leaf_spot,594.1482843137255,891.4531795463283,611.7894301470589,929.4731564782777,0.3025836155213304,0.20011125983011124,0.2997531882862249,0.19781870094122622,14.91204044117647,19.815532487504804,15.157291666666667,20.129088811995388,7.11477696602782,7.43245384985263,7.136555817628734,7.44675121194684,0.002065234215430964,0.0012260332841551936,0.0020541354849997594,0.0012134024103644518,0.04544484806257981,0.03501475809077072,0.04532257147382261,0.03483392614053793,0.9279103783380389,0.8920011511408592,0.9258220153601163,0.8873955647897401
3287491a-0971-4fc4-bbdf-c5f8bd8cb224___JR_Sept.L.S 8508.JPG,Tomato___Septoria_leaf_spot,471.27594975490206,724.042645136486,454.9454656862745,667.4768627450981,0.3038011262923726,0.20488615170883223,0.3049521733842293,0.20612345035117174,12.796262254901961,16.957462514417532,12.583180147058822,16.616301422529794,7.278561646440711,7.586331531915262,7.271511857156492,7.56599786901079,0.0018672830771593262,0.0011646584927779678,0.0019163586514952182,0.001156493177364575,0.04321207096586932,0.03412709323657624,0.04377623386605132,0.03400725183493331,0.947687756934615,0.9198194241299367,0.9495261140936939,0.9260835563278554
33730016-a830-406f-b969-c50f70adf1df___JR_Sept.L.S 2530.JPG,Tomato___Septoria_leaf_spot,475.3968596813726,835.0222222222224,546.4923100490197,744.196893502499,0.3183414217217324,0.22027515135044945,0.31803100576251764,0.23761954261849666,11.988005514705883,17.233740868896582,12.779074754901963,15.930811226451365,7.23292354532823,7.6228356658542245,7.273764732345104,7.526835711182446,0.0016818241997894438,0.0010229047148783903,0.0016359992579101192,0.0011116179992287,0.04101004998521026,0.031982881591226114,0.040447487658816575,0.033340935788137384,0.9471422879464043,0.9073802828031294,0.939432044120499,0.9174552785589497
33955624-749a-442a-bf18-6d7a21130d72___JR_Sept.L.S 8398.JPG,Tomato___Septoria_leaf_spot,272.0288449754903,517.4593617839292,333.4597273284314,471.7884198385237,0.3248059869544655,0.23658745013828875,0.31839030891507114,0.23083193015538395,9.39701286764706,13.453456362937333,10.136167279411765,13.112156862745099,7.230334810613612,7.561997865329255,7.27405424496743,7.5516257760779,0.0026362029665573344,0.001756528919096417,0.002473957629352293,0.0017510495844838903,0.051343967187560936,0.041910964187148174,0.0497388945328733,0.04184554438030279,0.9737735371421721,0.9501925943125681,0.9678709757390346,0.9545890912778244
34406ab3-1cfb-4ae4-bd6e-85355247d251___Matt.S_CG 7430.JPG,Tomato___Septoria_leaf_spot,422.17958026960787,722.6085505574779,501.26557904411777,717.008089196463,0.30932170282649013,0.1993754087100505,0.2859489465913961,0.1998553552865907,12.073728553921569,17.278046905036526,13.487882965686278,17.08095347943099,7.743681549120089,8.153400809983047,7.8631626436784146,8.143270929310265,0.0010857009154381732,0.0005985912909313412,0.0009574155063181832,0.0005978023121559876,0.032949975955046965,0.024466125376351303,0.03094213157360338,0.024449996158608853,0.9537353224131426,0.9208984535499734,0.9450769671465601,0.9215096456589776
3551440d-d4bd-4da7-8bac-345fec2c55ee___Matt.S_CG 1451.JPG,Tomato___Septoria_leaf_spot,384.03840379901965,582.5705497885428,389.0688112745098,598.1816224529027,0.2903870211706774,0.1892188738771211,0.29044141151266345,0.18930808806322014,11.861780024509805,15.74074586697424,11.88250612745098,15.92655132641292,7.542469195923897,7.856253573432155,7.545768064318117,7.864853708921485,0.0013953252702160828,0.0008273729043675126,0.0014232189936713043,0.0008163112374636023,0.03735405292891365,0.02876409053607488,0.0377255747957709,0.02857116094007386,0.9582866500062601,0.9368040592815698,0.9577953633459018,0.9351114104434917
35624b1d-4848-4ccc-8554-76cc8f37fb34___JR_Sept.L.S 2599.JPG,Tomato___Septoria_leaf_spot,357.12478553921574,476.24470588235295,326.75807291666666,591.1951403306421,0.33741615287597315,0.25711227513540297,0.34061187148288175,0.24843537499622864,10.038327205882354,12.4560707420223,9.682184436274511,13.870972702806615,7.329805256005827,7.577037199420696,7.310552268863362,7.680855238467068,0.0018339627158499737,0.0012789165022591346,0.0019354101384158134,0.00128785589666885,0.04282479090258321,0.03576194209294477,0.04399329651680826,0.03588670919252488,0.9625846546361413,0.9501078094294927,0.9657172439137469,0.9380660836384154
35733fa2-2d61-44a9-9c44-815e5b0e169e___Keller.St_CG 1793.JPG,Tomato___Septoria_leaf_spot,388.99189644607844,511.6777393310266,358.74799325980393,643.3495732410612,0.35805848412892094,0.27713323403026685,0.3748217278440701,0.27028989656214,9.681204044117646,12.24481353325644,9.202129289215685,13.015455594002306,6.577224180995488,6.813513951408167,6.511653750719346,6.859710581549061,0.002983376379427384,0.002135590295099879,0.003115256667732963,0.0021332795285757215,0.05462029274388214,0.046212447404350696,0.055814484390102205,0.0461874390779108,0.9609764638925297,0.9487794285186452,0.9641050475557082,0.9355989896065174
36085cb4-2736-475a-9b13-ac6d3225561d___Matt.S_CG 7619.JPG,Tomato___Septoria_leaf_spot,358.6662530637255,608.9007612456749,394.67221200980396,570.1821914648212,0.3032916547840849,0.20858988741465456,0.30780931655323096,0.21383174917559458,10.455407475490194,14.336485966935793,10.607444852941178,13.849980776624376,8.014133204666,8.359716794617746,7.997419934967506,8.329405906813879,0.0007770756270875385,0.0004611979451903942,0.0007910670156159891,0.00046958297321838627,0.027876076249851566,0.02147551967218475,0.028125913596112554,0.021669863248723706,0.9621742123746628,0.9360031823063711,0.9585368935042425,0.9400725476122518
3633c989-bce5-4cfc-bb1c-49cc1976f0b4___Matt.S_CG 6012.JPG,Tomato___Septoria_leaf_spot,161.2025582107843,238.52679738562097,159.9649356617647,281.58331410995777,0.34672216645330445,0.2646726945803214,0.36071480710542936,0.25279694192708296,7.345971200980392,9.364413687043447,7.214966299019609,10.192433679354096,6.966233524272136,7.204675599650036,6.935019931756884,7.279711502917927,0.0027242144416360294,0.0020341446765587607,0.0027994777587045847,0.0019515544918768859,0.05219400771770673,0.0451014930635202,0.05291009127477087,0.04417640197975482,0.9846267415512058,0.9773014166316586,0.9847868874179198,0.9732039029465241
36929b20-0c26-4fb0-87d9-db47d3b2553f___Keller.St_CG 1902.JPG,Tomato___Septoria_leaf_spot,437.8596507352942,699.0901653210303,449.37216605392166,682.7430834294503,0.32485176191599086,0.22632268601603364,0.319215123024055,0.22447131239215162,12.268811274509806,16.717293348712037,12.613434436274513,16.627035755478662,6.4602511467169315,6.775297733729477,6.49234937795717,6.778576851151403,0.002944782965461002,0.0019070754586596908,0.0028669103426641803,0.0019084292100116462,0.05426585450779341,0.04367007509335988,0.053543536889751504,0.04368557210351773,0.9523805852075614,0.9238385414661056,0.9509681096987526,0.9256207795541478
36942c3f-7a37-46fd-9f47-7f1da66da785___JR_Sept.L.S 8504.JPG,Tomato___Septoria_leaf_spot,663.8590533088235,1075.2555478662052,721.214568014706,1029.5066974240676,0.3087522960655521,0.20007305304709921,0.3034888381451972,0.20553375664276186,15.019592524509804,20.943514033064204,15.92219669117647,20.557462514417534,6.847234830260394,7.190815120501579,6.8787103829255205,7.162245105400029,0.0029119139733290683,0.0017228236086407485,0.002702291298719243,0.0017378537016121175,0.05396215315690311,0.04150691037213862,0.05198356758360514,0.041687572508028306,0.9198635898743811,0.8705329023722418,0.9131535867618016,0.8760420575812683
3764603c-7343-4eb1-9698-5b709f5a6369___JR_Sept.L.S 2561.JPG,Tomato___Septoria_leaf_spot,312.2509957107843,529.6043521722414,254.82181372549022,382.9382545174933,0.29213032849055126,0.20197101323629532,0.2971126265192855,0.2399626319547967,10.268336397058823,14.468973471741638,9.342585784313725,11.874017685505576,7.414569549886514,7.7861675840188775,7.348332545217582,7.56977936404552,0.0012038798554041717,0.0007751615953465389,0.0012872442343014106,0.0009382551678804518,0.03469697184775887,0.027841724000976283,0.03587818605087791,0.030630951142275223,0.968461428868021,0.9465030559138314,0.9742341457655116,0.9613183042754609
3795408d-1142-499f-aeb2-821214b1bb8c___Matt.S_CG 6517.JPG,Tomato___Septoria_leaf_spot,122.18651960784314,227.97213379469434,155.7332414215686,216.10722029988466,0.33462275541525066,0.22255567455894748,0.31467081085076654,0.2243061399260979,6.6117953431372545,9.665174932718186,7.49702818627451,9.428342945021146,7.52654199290731,7.918139829410734,7.637539075787917,7.895574501451636,0.0010808693762239885,0.0006565107525999597,0.0010115882553810435,0.0006652521928025494,0.03287657792751533,0.025622465779076762,0.031805475242181865,0.025792483261651046,0.9880899264819807,0.977743548992788,0.9847894388561265,0.9789017968584889
381296fd-87f1-4238-a725-b052eb876ee3___Matt.S_CG 1429.JPG,Tomato___Septoria_leaf_spot,304.30796568627454,458.39727797001154,313.4603553921569,497.76961168781236,0.29584088431896827,0.19837417967023185,0.2934996433389575,0.18899481738880258,10.437316176470588,13.722921953094964,10.646997549019607,14.45925413302576,7.772803116184183,8.079309200175246,7.787351092539545,8.133724723684669,0.001045538679722042,0.0006220058206696297,0.0010341801802867287,0.0005911423474335795,0.03233479054705693,0.024940044520201436,0.032158671929772356,0.024313419081519152,0.9694259216491479,0.9539420590932594,0.9684994488319828,0.9499857771672846
3812fd82-b846-4257-92b6-ee73eb90edc1___Keller.St_CG 2013.JPG,Tomato___Septoria_leaf_spot,304.1015318627451,528.2977316416764,333.86534926470597,479.1331026528259,0.32994785210914707,0.23013030313893706,0.32485370221354,0.2365328243416881,9.66299019607843,13.479646289888505,10.217463235294119,13.112156862745099,7.059782375417216,7.4035524812435956,7.105041647266994,7.380011742291229,0.0018135113626294576,0.0011522545449869116,0.0017445137114856673,0.0011821451572540122,0.04258534211004366,0.033944875091638085,0.04176737616233114,0.03438233786777758,0.9687902318923738,0.9457172236034821,0.9656758772507482,0.9507678770583075
3823a859-7570-4196-abf7-64f102d55f8d___Matt.S_CG 7740.JPG,Tomato___Septoria_leaf_spot,368.0272212009804,629.2875970780469,387.2826899509804,551.7528181468666,0.2815246873822326,0.177949588266454,0.27748040516811023,0.1824848009239449,11.543030024509804,16.01439446366782,11.87435661764706,15.270788158400617,8.158649823895432,8.53616181676339,8.185079086877938,8.496057428445098,0.0006753904935902057,0.0003621092115370999,0.0006720831906598425,0.00036949358932572736,0.025988276079613393,0.019029167389486592,0.02592456731866209,0.019222216035767764,0.9600866254463659,0.9319192381147281,0.9581850077983104,0.9403066706148064
39081040-dbed-48f3-aef1-7bab8831a7e0___JR_Sept.L.S 8447.JPG,Tomato___Septoria_leaf_spot,482.76807598039215,726.6427835447905,516.3545036764706,779.7746251441753,0.2886157544309439,0.1897916846187385,0.2849640032714028,0.1833184062859515,13.556893382352941,18.038954248366014,14.018075980392158,18.62066897347174,7.536167786594794,7.840194128871717,7.55646406545292,7.886342532249191,0.001589475145526961,0.0009077969449836006,0.0015499348770605054,0.0008947654326900266,0.039868222251900835,0.030129668849550945,0.039369212299213016,0.029912629986178524,0.9438031666873817,0.915590349132537,0.9399756410199739,0.9094197559022323
3931a2cf-5122-47f2-bff0-509460130890___Matt.S_CG 1139.JPG,Tomato___Septoria_leaf_spot,586.5348651960785,995.2700346020762,714.4113817401962,1115.4287274125338,0.35405520654236355,0.25367790098201143,0.34115331441182445,0.2480604382483544,13.478216911764706,19.245213379469433,15.295174632352943,20.173517877739336,5.914422482052839,6.256422205329051,6.019336789317676,6.296861460583135,0.005697376642810157,0.0037654376270564614,0.0051797169733395826,0.0036723254785777986,0.0754809687458379,0.061363161807850654,0.0719702506132887,0.060599715169114436,0.9381395310943792,0.895146741636728,0.9246332431950827,0.8824886200925787
40373753-a07a-4ccf-b844-3324278d2b54___Keller.St_CG 1903.JPG,Tomato___Septoria_leaf_spot,444.4739430147059,716.1696885813149,435.12251838235295,668.7560784313725,0.3334871587267596,0.24272609587377264,0.33760705796353013,0.2435313613188632,12.04440870098039,16.204721261053443,11.760355392156862,15.864206074586699,6.431256058407464,6.741534403161703,6.416843806476233,6.7150486571771335,0.0033083935143259206,0.0022912731196013244,0.0033898543284884416,0.0022719933967963405,0.05751863623492755,0.04786724474629101,0.0582224555346856,0.04766543188513391,0.9538555297749195,0.92557361660977,0.9547156291254689,0.9305010377653807
40705363-7a06-44d7-a4ff-a3b040ca6e70___Matt.S_CG 7683.JPG,Tomato___Septoria_leaf_spot,241.12918198529414,306.5463283352557,231.13825061274508,436.6976547481738,0.32763887446428286,0.24449519474563566,0.3357927812561683,0.2261050289271912,8.149341299019609,10.013579392541331,7.975873161764706,11.500269127258747,8.016709375700048,8.261600041090773,7.984186943375636,8.378089533723836,0.0007882586005833097,0.0005448722661750922,0.0008137509273776913,0.0004790799268196171,0.028075943449567455,0.023342499141589194,0.02852631990596914,0.021887894526875284,0.9760077136382509,0.9695627941845288,0.977051730546135,0.9566402522301437
4098a908-25be-4759-9248-bf5d66844081___Matt.S_CG 6650.JPG,Tomato___Septoria_leaf_spot,264.68408394607843,492.67338715878515,307.8719515931372,407.22312956555174,0.3141036480642644,0.21064973480531177,0.3099326130302165,0.2165203066972864,9.625260416666666,13.805936178392924,10.165211397058822,12.824513648596692,7.674096586994992,8.058569904511188,7.720863371511609,7.998340996770796,0.0012399089010987363,0.0007505826360517595,0.0012298064211706435,0.0007543326502789791,0.03521234018208299,0.027396763240422388,0.03506859593953889,0.027465116971878693,0.9726258124964574,0.9490807368592775,0.9681980332077266,0.9579119990221723
4155b13b-7c41-494e-8550-497acc32bb83___Matt.S_CG 1706.JPG,Tomato___Septoria_leaf_spot,447.57598039215685,691.1855901576316,466.43985906862747,678.0313417916186,0.288486267188579,0.18166915024421607,0.2830591029914223,0.18068642326795836,13.291789215686276,17.87323337178009,13.66344975490196,17.786113033448675,7.669285890624285,7.99846972373366,7.690338087954511,8.003696050076675,0.0012753914228451797,0.0006843183521080897,0.001213945493657788,0.0006794677645202264,0.03571262273825852,0.026159479201774825,0.03484172058980136,0.026066602473667842,0.9482018272286103,0.9200871528344507,0.9460199110365121,0.9216075554721422
4193a3fe-d859-4354-b9e7-ec143f24ca01___JR_Sept.L.S 2579.JPG,Tomato___Septoria_leaf_spot,429.6891390931372,575.7041138023837,436.49425551470586,728.6221145713188,0.28714842185002065,0.19849625502271023,0.28639076678513686,0.17876127553861226,13.014782475490197,16.278969627066516,13.130621936274508,18.201537870049982,8.118663517802911,8.38856094201646,8.121297640196362,8.52311169539593,0.0007911001027249135,0.00045849067899091247,0.0007705546507052576,0.000416857030559772,0.028126501786125368,0.021412395451955217,0.027758866163899016,0.02041707693475665,0.9493229698703742,0.9321210164290178,0.9486238047014665,0.9140944099168581
42184af4-cb8b-4287-b000-04fa630a167f___Matt.S_CG 2424.JPG,Tomato___Septoria_leaf_spot,408.82403492647063,675.7064667435602,458.9250919117647,658.9023144944252,0.2836791341785097,0.17655838361901668,0.2696401254008822,0.17817386990502812,12.637760416666667,17.36315263360246,13.432781862745099,17.315909265667052,7.649334949095062,8.01267547233308,7.714098211314821,8.008619801723086,0.0011065771212168999,0.0006119744853109317,0.001039524569689242,0.0006151748632450093,0.03326525396291,0.024738118063242637,0.03224165891652044,0.024802718867999316,0.9539658467067892,0.923910320221952,0.9482945494752189,0.9258044382057771
4271d0f3-743c-4006-b9e6-fbee7ab28ec7___Matt.S_CG 7484.JPG,Tomato___Septoria_leaf_spot,400.7013020833333,639.7837754709728,456.08523284313725,675.0686043829296,0.3044605420571942,0.1953181069792426,0.2896745033595657,0.1969540345565638,11.509114583333334,15.72422914263745,12.331924019607843,16.04389081122645,7.982811982565313,8.359195998836011,8.059380831091886,8.375999399084389,0.0008260511187854431,0.0004397442736734652,0.0007677267588637783,0.00043743610869802685,0.028741105037653703,0.020970080440319373,0.027707882612422376,0.02091497331334723,0.9568144394131908,0.931026812980537,0.9508157427006023,0.9272199692203694
43660e03-52a8-4451-bcd4-3b4806be2276___Matt.S_CG 6721.JPG,Tomato___Septoria_leaf_spot,287.7678615196079,425.49141099577093,311.41622242647065,503.6659900038447,0.2905874490026288,0.19488588298804294,0.28891798647014433,0.1872050295106828,10.362101715686277,13.457116493656287,10.506816789215687,14.422376009227222,7.837242914730817,8.13460124288829,7.851387369580389,8.197635036774933,0.0010485550038221482,0.0006418082182628425,0.0010664663934469318,0.000614831222309581,0.032381399040531715,0.02533393412525663,0.03265679704819399,0.024795790415100324,0.9708524339156118,0.9569071263925608,0.968470114005301,0.9489894219193338
000146ff-92a4-4db6-90ad-8fce2ae4fddd___GH_HL Leaf 259.1.JPG,Tomato___healthy,526.3195006127451,779.4176701268743,500.22161458333335,779.968550557478,0.29280920779656844,0.19109883179765996,0.2976238558979017,0.1923748873514545,13.758409926470588,18.26236063052672,13.593918504901962,18.204398308342945,6.952773253069266,7.256273620639032,6.941694951644032,7.254487890684955,0.002092644890561923,0.0012873425638055692,0.0021289405104106592,0.0013005957990013897,0.045745435734747604,0.03587955634906275,0.0461404433269844,0.03606377405377021,0.9400770959907436,0.911075381853908,0.9429544755447399,0.9110135756797109
003944fc-3b99-4a0f-9ed4-0e07352fd8b3___RS_HL 9844.JPG,Tomato___healthy,601.0079197303921,1005.6873510188389,760.5125459558824,1089.9776393694733,0.2967386972833646,0.18825629118392045,0.27447605036939016,0.17940931960171463,15.173943014705882,21.094840445982314,17.05666360294118,22.091041906958864,7.7866040249842445,8.164761189821462,7.8932599797639025,8.221392474459076,0.001069549126425233,0.0005618489088498628,0.0009514341314037871,0.0005317530107383358,0.03270396193774132,0.02370335227029845,0.030845325924745665,0.02305977039647914,0.9220854432968667,0.8692019383486751,0.9010642999076409,0.8582356094853951
01700b46-3800-46c6-ab81-09a5f50af525___RS_HL 0108.JPG,Tomato___healthy,701.077512254902,1186.4382775855443,817.1376225490196,1133.9180469050366,0.2858265860233316,0.176374037398944,0.27171156043496425,0.18078164726249607,16.160906862745097,22.713341022683583,17.593719362745098,22.292118415993848,8.072180333061793,8.481121150151337,8.155609230375003,8.464645042939054,0.0010066995763723687,0.000533300577469908,0.0009311317875036044,0.0005463913341229625,0.03172852937613669,0.023093301571449416,0.030514452108854985,0.023375015168400695,0.9046643762213911,0.8390704254806315,0.8891244770356261,0.846194174817698
0172e56c-8bb8-4e75-8ac7-509df81393e8___RS_HL 0580.JPG,Tomato___healthy,539.4105851715686,967.7553402537486,598.3848498774511,794.0228219915418,0.29746938933311606,0.18702238786479067,0.28109792310153625,0.19803988544175666,13.965762867647058,20.09296424452134,14.85703125,18.37053440984237,8.250160273577194,8.679984735374433,8.321824249301304,8.601512074344246,0.001010222649491782,0.0005824663007056258,0.000930195844709667,0.0006255771558006924,0.031783999897618015,0.02413433862167401,0.030499112195433935,0.02501154045237303,0.9357092703126286,0.8848009547099173,0.9288290708832025,0.9054806282488248
0184dc6b-bfc1-4515-ac59-bbadaf524e1a___GH_HL Leaf 422.1.JPG,Tomato___healthy,689.2509344362745,990.995570934256,613.2964767156863,1045.918308342945,0.2917680120330002,0.19503145865007437,0.29583649920798094,0.19193340828002975,16.111626838235296,21.084459823144947,15.671507352941175,21.501914648212228,6.51466321027412,6.798585233707555,6.489607015933367,6.815889224878587,0.0028930572544964674,0.0018508520885040962,0.002904723276316501,0.00182597205907112,0.05378714767020526,0.043021530522566215,0.05389548474887763,0.0427313943029141,0.9193501802264437,0.8839293471277637,0.9281165940204034,0.8774987688600636
0326b4b6-0f25-47af-bfd9-d8fec314a4f5___RS_HL 0621.JPG,Tomato___healthy,742.6648590686275,981.6565936178393,714.5894607843138,1228.021376393695,0.2708248243751181,0.17929770529572678,0.269875799860986,0.1671556380220648,16.88042279411765,21.073094963475587,16.60229779411765,23.28599769319493,8.341131113517038,8.644376285592855,8.339377788973017,8.737881048378297,0.000767608372718726,0.00042536551389973486,0.0007696618854151651,0.0003958427842720416,0.0277057462039687,0.020624391237070123,0.02774278078014468,0.01989579815619473,0.898070452252315,0.8654847504856095,0.9019320626128906,0.8317268918914703
0372686b-04b2-4a25-98da-5801747fa1af___RS_HL 0391.JPG,Tomato___healthy,694.7295036764706,1041.6334179161859,756.3555606617649,1175.1648442906576,0.27152056911638733,0.16783163413940425,0.25769485566858674,0.1601371975699456,16.51813725490196,21.89411764705882,17.359114583333337,23.276893502499043,8.24916701744141,8.617405170094926,8.309325246531063,8.674425097166516,0.000755574872795319,0.00037473772028355094,0.0007016211791663665,0.00035458517788311095,0.027487722219116648,0.019358143513352487,0.0264881327987906,0.018830432227729423,0.9086709756806959,0.8631643394120571,0.900519704272135,0.8456234518561034
04141939-3a8c-47b2-a582-e8371ccc120f___RS_HL 0275.JPG,Tomato___healthy,690.3272518382353,1032.2235447904654,737.3833792892158,1127.874617454825,0.2697507072541799,0.16797121164553108,0.2581258041298602,0.16159152307227473,16.77621017156863,22.150649750096118,17.542294730392157,23.38572856593618,8.265331484487724,8.629096695200612,8.32185264550167,8.681456184528468,0.0007196176331669311,0.0003601390113907924,0.0006805175875114139,0.0003420511526560704,0.026825689798529527,0.018977328879238836,0.026086732020538985,0.018494624966623963,0.9043493654425856,0.8568493900219112,0.8975326729243437,0.843582144951761
04483b12-5e9c-4e74-a5b6-e8c87f60b43f___GH_HL Leaf 439.JPG,Tomato___healthy,367.04338235294125,545.5797462514417,329.41875,562.125505574779,0.3290327862763983,0.23893338175282347,0.3342624387925266,0.2366011128761295,10.92889093137255,14.263760092272204,10.545741421568628,14.507112648981161,6.628841098995881,6.913144998896911,6.617087764823751,6.925156643101813,0.0025677971288086323,0.0017837166404959734,0.002648636093051651,0.0017532627929310598,0.050673436125929255,0.042234069665330304,0.05146490156457749,0.04187198100079646,0.9628079746262594,0.9445732068899316,0.9665351543756796,0.9428922363920264
05598cc1-60b9-4436-a233-973c42eff2d6___GH_HL Leaf 503.1.JPG,Tomato___healthy,307.3916513480392,472.6246981930027,303.9985600490197,466.09110342176086,0.33646179311495283,0.23596844520093432,0.3327561658255648,0.23436626560902457,9.81625306372549,13.316186082276047,10.008026960784315,13.141222606689736,7.049240081137095,7.378034341334235,7.0843077129803556,7.375234264343353,0.0015940890372693195,0.0009873382328182117,0.0015690335307108447,0.0009930418918817046,0.03992604459834857,0.03142193871832564,0.03961102789263168,0.03151256720550873,0.9680523753025592,0.9507119396851899,0.968283024522687,0.9513935943843647
0576ef4b-c843-4dfb-b148-c917f7d605b7___GH_HL Leaf 299.JPG,Tomato___healthy,581.4799785539216,879.6030296039985,570.7838541666667,854.6503806228375,0.2747580901381914,0.17029503962605289,0.27387042256932304,0.17357545967570392,15.299218750000001,20.4880123029604,15.310079656862746,20.058669742406767,7.286556070917873,7.617610748147848,7.28270336395564,7.594722286482945,0.001508691326465482,0.0008524575101316281,0.0015033230017075763,0.0008701528897663204,0.03884187593906198,0.029196875006267848,0.038772709496597946,0.02949835401791633,0.9262211594728655,0.8880240982440502,0.9273191624603233,0.8911991245761023
06040967-7b02-43b5-a3fc-4490a9a7ded6___RS_HL 0508.JPG,Tomato___healthy,771.1046109068627,1252.006212995002,823.1056372549019,1154.9552172241447,0.26865633807771105,0.1621425638028472,0.25911647021912265,0.16764962530257596,17.631479779411766,24.289550173010383,18.26813725490196,23.400645905420994,8.343208070167282,8.744098491670421,8.38600240303897,8.708376195752697,0.0007468389373978758,0.0003617397916189039,0.0007087835996071222,0.00037218288118860037,0.02732835409236853,0.019019458236734923,0.02662299005760101,0.019292041913405653,0.887145340940526,0.8170102382361759,0.8795639911083104,0.831195139300554
06639369-2e38-48cc-a27a-5b90388d227e___RS_HL 0389.JPG,Tomato___healthy,700.2079656862745,1022.0813225682432,771.7453278186274,1240.9789004229142,0.27451220167730894,0.1733144129401783,0.26326150395456005,0.16190093017996784,16.140655637254902,21.213164167627834,16.993275122549022,23.063821607074207,8.261614987150594,8.622003566859258,8.318515202293606,8.699431843467295,0.0007509840950971381,0.00037707000871075376,0.0007147508949006993,0.00035721829994408153,0.027404089021478856,0.01941829057128237,0.026734825507205004,0.018900219573964785,0.9085755573252254,0.8665641335070969,0.8991415642963231,0.8379851159748786
06704d9f-3bbc-40cd-a5eb-258ed55e172b___GH_HL Leaf 491.1.JPG,Tomato___healthy,310.4458639705882,440.2800768935025,276.617018995098,459.2694809688582,0.35215524647820096,0.252864889592374,0.35518319864605835,0.25319383673852214,9.943535539215688,13.018039215686274,9.622656249999999,13.092318339100348,6.820450449329072,7.112848673682792,6.814538278868007,7.117966799423327,0.00198841615623348,0.001278052315075339,0.002051588012272924,0.0012891242699219138,0.044591660164581,0.035749857553217454,0.04529445895772378,0.03590437675161503,0.9677144001604782,0.9541036995319762,0.9711843712542129,0.952124862594948
0764ce38-ecb9-4046-88d9-c8f176c6ee8b___GH_HL Leaf 423.JPG,Tomato___healthy,871.1833486519608,1274.6831372549018,819.5553768382354,1260.957139561707,0.2789931133410774,0.17881597256078952,0.28479598419013796,0.18051609553981723,18.619592524509805,24.493179546328335,18.200382965686273,24.390926566705115,6.747681506856945,7.050489284341493,6.723992383650417,7.044832014273621,0.0025714516117223544,0.0015597891622141013,0.0026287042778393526,0.001568172771215519,0.050709482463562515,0.03949416617950177,0.05127089113560786,0.039600161252392886,0.8794361837764899,0.8234200539032861,0.8864721324710743,0.825319632758736
0764cff7-f198-467a-9afd-d9f0c7bcf7c9___RS_HL 0443.JPG,Tomato___healthy,498.4,746.759938485198,548.2224877450981,857.1025144175318,0.28171451285653204,0.18301299336377294,0.2697297863636584,0.17103944544529912,13.90174632352941,18.34459054209919,14.807444852941176,19.93305651672434,8.210041442451123,8.55521852695005,8.273639480235971,8.643451377054312,0.0007197056307970492,0.0003920840193809465,0.0006914247177693075,0.00036526607265623004,0.026827329922991763,0.019801111569327276,0.02629495612792133,0.019111935345648017,0.9391425173085148,0.9086706712289666,0.9328487505802453,0.8951770248478883
07776423-f0af-455c-a7c1-36215c7e7097___RS_HL 0321.JPG,Tomato___healthy,436.94738051470586,666.7198308342945,452.74975490196096,745.2119953863898,0.3044585690571485,0.20400282394222752,0.29576228805630045,0.19359304504035785,11.806020220588236,15.669373317954634,12.060477941176472,16.52241445597847,8.016377231197902,8.361025570200743,8.047693383940945,8.418265653709838,0.0008208131478502859,0.0004641134535396657,0.0008031601192675295,0.00043998810973982887,0.028649836785753002,0.021543292541755677,0.02834007973290706,0.02097589353853201,0.9505510322099653,0.9244676190527733,0.9487001215418438,0.9155771597539389
0782c04b-2a91-4e10-89a7-cf3d3e48be82___RS_HL 9645.JPG,Tomato___healthy,680.5378829656863,1073.6461514802,656.2293964460785,965.0841061130335,0.2832791614539437,0.1837724288311181,0.28240660209565627,0.18627729015019878,15.785554534313725,21.351372549019608,15.642447916666667,20.393479430988084,8.061173203824241,8.420895385108414,8.051726045842432,8.38782048536661,0.000896354068109321,0.0004931740535129703,0.000892534736301843,0.0004981835720771638,0.029939172802689807,0.02220752245328079,0.02987531985271192,0.022320026256193424,0.9144513750930248,0.8652766195197393,0.9176230332807683,0.8788998904792525
083426c2-0042-4788-91ea-b7d93395c24a___RS_HL 9929.JPG,Tomato___healthy,736.0520526960784,1294.1810380622837,832.6474417892157,1133.7334871203384,0.26603241244313136,0.16003678518072417,0.25311822553164076,0.17058721941695137,16.700612745098038,24.044936562860443,18.03215379901961,22.306220684352176,8.285991327105771,8.712294001379268,8.360720562234114,8.64125755609549,0.0007290682266511079,0.00035100757538467813,0.0006729805318267013,0.0003777796402501567,0.027001263426941854,0.018735196166164852,0.025941868317966254,0.019436554227798625,0.9064483758944872,0.8358723598715725,0.8944089772162487,0.856217656036442
085cbe78-1d5c-45eb-877f-f409526032d5___GH_HL Leaf 469.JPG,Tomato___healthy,387.4467371323529,583.3345790080739,321.7991881127451,529.9395155709343,0.31453853065296455,0.21957743238007973,0.3263013761755083,0.22327981940370406,11.504396446078431,15.331718569780854,10.846277573529413,14.683844675124952,6.574080707302422,6.868926937020913,6.533633523077771,6.8327782331590114,0.0028103101496419645,0.0018941243578719982,0.0029567467712613544,0.0019479331360590765,0.05301235846141883,0.043521539010839196,0.05437597604881548,0.0441353955013329,0.9608278175299761,0.9409391615257244,0.9674270766306065,0.9463458303255976
0864ab65-d40d-4902-8213-09df86cf049e___GH_HL Leaf 400.JPG,Tomato___healthy,354.2086090686275,514.8933025759324,302.4091605392157,511.4893502499039,0.2940350705475112,0.19984557462652414,0.3054631660436436,0.20175690229789708,11.307689950980393,14.682737408688968,10.696813725490195,14.759538638985006,6.998179292873385,7.278340687651282,6.952493762485954,7.278738926641727,0.0017232619318215952,0.001129342941917025,0.0018237558120674738,0.001116705091245626,0.041512190159296525,0.03360569805727929,0.0427054541255268,0.03341713768780363,0.9644297890673235,0.9481386692620035,0.9695387625921837,0.9484809079622859
087e3b12-a80b-435f-8973-a3b07888f8b4___RS_HL 9847.JPG,Tomato___healthy,788.6872702205885,1268.7355478662055,792.1882199754903,1133.282645136486,0.27128985271125217,0.16316369824286941,0.2658683615360844,0.17486905320849822,17.210830269607847,23.792987312572087,17.395848651960787,22.35626297577855,8.088006760089836,8.487345291042873,8.10296393233801,8.420089088598345,0.0008909487843467659,0.0004427108669794142,0.0008521225873161763,0.00047098615399601576,0.029848765206399508,0.021040695496570786,0.02919113884924972,0.021702215416772908,0.8984789055435948,0.8368417116667476,0.8981721455521556,0.8542613524484017
0894c925-d193-412f-961d-d188b57ee337___GH_HL Leaf 393.JPG,Tomato___healthy,337.2537224264706,481.4192541330258,276.9966299019608,486.7052979623222,0.3194291469653463,0.2249409715742013,0.32479753551682583,0.22348781916862145,10.348667279411766,13.637016532103036,9.836458333333333,13.57923875432526,6.7729586092109875,7.064310706429369,6.743345888153111,7.062068360583291,0.002396783942398957,0.0016092805520486384,0.0024506323908622886,0.001614622359335665,0.04895696010169501,0.0401158391667012,0.049503862383275594,0.04018236378482064,0.9667126948571091,0.9523520389729225,0.9725771396998071,0.9518303581906769
0902aa8e-e4f7-4c29-b11a-b2b7f24fe61c___GH_HL Leaf 228.1.JPG,Tomato___healthy,589.0374846813725,868.6764167627836,555.84453125,870.0194694348328,0.279530091127176,0.17976406230110936,0.2835329816051019,0.17787109952424268,15.192876838235293,20.006643598615916,14.854427083333334,20.024359861591698,7.120587044490793,7.4218091514489055,7.09752092862757,7.424429381282099,0.001779330853818243,0.0010638264849780516,0.0018100774604418975,0.0010507795998965885,0.04218211533124249,0.032616353030007074,0.04254500511742709,0.0324157307475335,0.92704992338228,0.8918733775597061,0.9308453253064096,0.8917029143759804
0920bfd6-6c70-432b-be33-cccb6abb0f31___GH_HL Leaf 181.1.JPG,Tomato___healthy,688.5585018382353,986.3334102268359,642.8384037990196,996.0616070742022,0.27681021333697464,0.17411204637127298,0.2805851860798043,0.17162894697568945,16.386504289215686,21.215932333717802,16.02547487745098,21.70082276047674,7.337842021752186,7.646350010705699,7.315204172044293,7.668763476279597,0.0015499121150068483,0.0008787748952322333,0.0015564323874080882,0.000852224080260143,0.03936892321370815,0.02964413761997865,0.0394516461938927,0.029192877217912985,0.9098285886445777,0.8704520811065097,0.9155798852187711,0.8691734032204419
0922314c-48ce-4a7b-a042-68fecb43a228___RS_HL 0260.JPG,Tomato___healthy,692.3905330882353,1065.3464821222608,676.3576746323529,1019.2000922722032,0.27694427478936173,0.17258614980828643,0.27307147432338463,0.17789165683950503,16.303645833333334,21.927120338331413,16.26407781862745,21.394325259515576,8.448904975637122,8.833424879112158,8.456062515025458,8.802199439211943,0.0006782663734726426,0.0003391533821389786,0.0006532200186676999,0.0003514996228493433,0.02604354763607759,0.018416117455614216,0.025558169313698895,0.018748323201005026,0.9065854521616733,0.8564730683963013,0.9087851199770652,0.8626891130756085
0971aa89-8f72-4f66-b4ee-dceca73add54___GH_HL Leaf 318.JPG,Tomato___healthy,473.2407781862745,709.3536793540947,482.62745098039215,749.561906958862,0.2888267719973878,0.1828406150670601,0.2802765220604809,0.17848705373552887,13.17999387254902,17.79929257977701,13.650888480392156,18.038062283737027,7.313115367476222,7.651880593908615,7.35079402399373,7.663561540064724,0.0015187458183526172,0.0008677833518915403,0.0014331430144055171,0.0008549066317467878,0.03897108951970187,0.029458162737882012,0.03785687539147304,0.029238786427394484,0.9471350298313469,0.9205863692186066,0.9460076703370016,0.9160846713880862
0972d906-c7f6-4c30-80f5-6c665ea36770___RS_HL 0115.JPG,Tomato___healthy,535.1808670343137,845.8609304113803,617.0964154411764,922.5761476355249,0.2883468264597078,0.18341348675220376,0.27430805388427537,0.18045341298056689,14.187882965686274,19.191680123029606,15.191176470588234,19.992741253364088,8.117698293808388,8.487602012437387,8.186990956258144,8.524189074038183,0.0007986881970350946,0.0004086854477790091,0.0007461376549509203,0.0004037655643934305,0.02826107211404222,0.02021597011718728,0.02731552040417536,0.020093918592286337,0.9347369374800706,0.8967573982598067,0.9246087622134803,0.8873960917990417
0988fc05-ee41-4e17-9f28-fbdd03266ae6___RS_HL 9928.JPG,Tomato___healthy,710.7740655637255,1224.5866512879663,987.9592218137257,1424.1915570934257,0.27189282864157915,0.162818843733026,0.24450096834496093,0.15661299499548292,16.596737132352942,23.55790849673203,19.59852941176471,25.23038831218762,8.248149673069467,8.674446962356889,8.408378261649275,8.730517852466907,0.0007280026340154628,0.00034841938916522954,0.0006237574734627308,0.00033396482972198466,0.026981523937973977,0.018665995531051364,0.02497513710598464,0.01827470464116957,0.9023665071019532,0.8316377782160163,0.8640451033295611,0.8041956044257598
1006c73b-19f8-4771-9fe5-3fc4908e8da3___RS_HL 0557.JPG,Tomato___healthy,733.40546875,1017.6513033448675,723.4380208333334,1175.038308342945,0.2743755862316134,0.1803751285118574,0.2726367596595004,0.16764944942144627,17.050536151960785,21.79146482122261,16.9890625,23.32484429065744,8.319338069276528,8.644503156603715,8.321198959964704,8.719943361159446,0.0007956228289224699,0.00044650593530037023,0.0008006938390207493,0.0004072929097006872,0.028206786930142714,0.021130687052255785,0.028296534046076197,0.020181499193585375,0.8967400396593496,0.8567639902691289,0.8979880887688615,0.8346137364593319
10126910-47a0-4b22-b3ee-ce9eb4d5d7b5___GH_HL Leaf 350.JPG,Tomato___healthy,530.0307138480392,777.5608150711266,499.69054840686283,758.4398769703961,0.2819982508537409,0.1771400759772167,0.2836371641407067,0.18081825135975227,14.28028492647059,18.90968089196463,14.082552083333336,18.656439830834294,7.367188471734219,7.689237987459984,7.357689033832653,7.677263684316523,0.001443216396450584,0.0008143381992641459,0.0014549659573541433,0.0008326829018088304,0.037989688027813336,0.02853661155891053,0.03814401600977725,0.028856245455859818,0.9363404662863926,0.9062630953798346,0.9397332197727303,0.9085662438552343
10716d69-324b-4423-9e1e-b09559babb89___GH_HL Leaf 267.1.JPG,Tomato___healthy,635.6376072303922,896.280153787005,580.5136642156863,920.171626297578,0.2767226653095811,0.17557704913922492,0.28420897377520193,0.17806362520375713,15.714476102941177,20.356370626682043,15.104779411764705,20.456532103037294,7.4356225830922735,7.744820246640735,7.398213279157526,7.746818597948392,0.0013843046816804233,0.0007851663239569674,0.0014356493042414575,0.0008008599301040723,0.03720624519728406,0.028020819473330315,0.037889963106889635,0.02829946872476712,0.9183687914150006,0.8845528620876774,0.9252684291648351,0.881475721048877
109f3e0e-e7f4-41b9-b450-f68750e144ae___RS_HL 0014.JPG,Tomato___healthy,671.4410386029411,1063.4035832372165,635.0754595588235,954.1866512879662,0.28426229964738364,0.18161667768855422,0.2817983135855055,0.19033486117849205,15.49967830882353,21.178377547097273,15.317126225490195,20.002045367166478,8.154304320466261,8.537357199739983,8.154938728325572,8.483273716786988,0.0009090862692158665,0.0005040359924265369,0.0008915850658776072,0.0005308570137088314,0.030151057514055234,0.022450745921383925,0.02985942172711332,0.023040334496461447,0.9154964894834143,0.866495671596834,0.9202374325140189,0.8802080088934573
115c8bc1-06b9-4679-9159-46e5640c39e7___GH_HL Leaf 206.2.JPG,Tomato___healthy,560.8493412990197,823.200215301807,543.3809742647059,852.560553633218,0.2836416307911067,0.17772464932822463,0.28011233522695167,0.17739980113128187,14.550750612745102,19.364244521337948,14.59954044117647,19.47943098808151,7.422261086271602,7.758340288896427,7.430994634611491,7.761034388091071,0.0013833880983651124,0.0007787626117834488,0.0013542232198102892,0.0007705709261262156,0.03719392555734219,0.027906318492116597,0.03679977200758572,0.027759159319514982,0.9347285216112813,0.903872615160248,0.9365713924276036,0.9004435192254848
125ff07a-87f1-4953-9ded-8f9e5adb7b1b___RS_HL 0470.JPG,Tomato___healthy,568.378431372549,1016.5843137254902,654.8527267156862,869.803967704729,0.2960922622557014,0.1852518770146187,0.2823200627055449,0.18947119507293403,14.581127450980391,21.04893502499039,15.68112745098039,19.61687043444829,8.136623583934828,8.565503036602735,8.213266088308934,8.514985748268273,0.0010611254066194493,0.0005984082365032466,0.000982817019558283,0.0005972627273010809,0.03257491990196521,0.0244623841132308,0.03134991259251424,0.02443895921067591,0.9276810479466092,0.8708738896234887,0.9167427119765934,0.8895185745164146
13053341-b112-411c-bc76-8cadbcb4eded___GH_HL Leaf 223.JPG,Tomato___healthy,640.3011335784313,957.4286812764323,639.2250765931373,979.3983391003461,0.2765677383470214,0.17763886878392085,0.2772006911613848,0.1732081284740959,16.362622549019605,21.621591695501728,16.389476102941174,21.879354094579007,6.912460811482463,7.21658238113446,6.9058846254422095,7.226208095487463,0.002078563040469711,0.0012450561631502152,0.0020600348461228854,0.0012209545880454995,0.04559126057118525,0.035285353379982114,0.04538760674592664,0.03494216060929117,0.9175017186251517,0.8764204962570308,0.9175306150401358,0.8735843539168464
130c7763-2ace-42bc-b2f0-ef78be095e8c___RS_HL 0171.JPG,Tomato___healthy,617.3827359068628,966.1330257593233,744.1468596813726,1116.807750865052,0.2766745132730505,0.17277204406017865,0.26099236423445327,0.16236818014127125,15.425995710784315,20.893164167627837,16.973881740196077,22.326643598615917,8.09647334808697,8.470376640695438,8.194375342607888,8.541152531113504,0.0008096706532643694,0.00041357115627458816,0.0007601535654856305,0.0003909960990072579,0.028454712320885787,0.020336448959309198,0.02757088256631678,0.019773621292197792,0.9193068505225698,0.8735624889674201,0.9025023544624118,0.8538440075358121
1317fd49-1819-4065-b3a4-d74f9763c7c4___RS_HL 0252.JPG,Tomato___healthy,637.8573835784315,1043.766828143022,640.6943474264706,922.7920184544406,0.27900923267653166,0.1751448902383188,0.27220735061638207,0.1807022642663332,14.942095588235297,20.5121107266436,15.131632965686272,19.596539792387546,8.280258167263428,8.668449126744768,8.306807549186532,8.637232756330688,0.0007334798411743682,0.0003765878944321093,0.0006996625865802815,0.0003818289508323552,0.02708283296064812,0.019405872678962658,0.02645113582779162,0.01954044397736027,0.9222261136679727,0.8730409571023585,0.9220397659137037,0.8877532743965596
1352e7ea-9a81-44fb-98e9-25ee6c701753___RS_HL 0549.JPG,Tomato___healthy,830.8976409313727,1208.5628604382928,866.0323988970588,1375.09384083045,0.2664009791867167,0.16739216519594305,0.26077071950835606,0.16011494549708677,18.270649509803924,23.79518646674356,18.714016544117648,25.368350634371396,8.333878451429603,8.682808010958848,8.362890613061651,8.741240485315373,0.0007627870412296354,0.00039157411583188716,0.0007427253415152826,0.0003761167776094162,0.027618599552287865,0.019788231751015226,0.027252987753919433,0.019393730368586035,0.877466605656838,0.8218964283205545,0.8722119210910999,0.7973518663665579
13688c77-f2ad-4f7c-972c-99d70652fac6___RS_HL 0458.JPG,Tomato___healthy,623.6896139705882,1062.6531334102267,672.985186887255,933.124029219531,0.28516536304221735,0.17944602509299162,0.2751314648503064,0.18657942075488282,15.302389705882353,21.65351787773933,16.046400122549024,20.258608227604768,8.19802809226741,8.602411973418064,8.247023991781864,8.54661233229719,0.0010136076249969966,0.0005787982352630761,0.0009574336924950742,0.0005867563727966101,0.03183720504373769,0.024058225937568133,0.030942425446223092,0.024223054571969452,0.9194185430060777,0.8629465141247615,0.9131391422144461,0.87965384996385
136a69f1-2cf0-4fc6-bf40-8ed63bd3db94___RS_HL 9624.JPG,Tomato___healthy,401.35897671568625,730.1115878508267,578.1265625000001,828.890580545944,0.3105399365258291,0.19792320290357396,0.2826023102571553,0.19087418441798853,11.131862745098038,15.894594386774319,13.078890931372548,16.95560169165706,8.128593806289373,8.537817960622071,8.273548495147919,8.603213736971965,0.00069183349609375,0.0003618066041201141,0.0006095465601796786,0.0003447931850066243,0.026302727921144416,0.019021214580570666,0.02468899674307724,0.01856860751393664,0.954385126686685,0.9168007761624347,0.9340530956916918,0.9055458810317646
139d2f99-d25b-440d-805e-d070a399d8f1___RS_HL 0600.JPG,Tomato___healthy,569.6717218137256,942.2711880046138,609.3662530637255,855.530088427528,0.2937622253821394,0.18301888374729086,0.2777194565250739,0.19190315115595727,14.632536764705884,20.44570549788543,15.368581495098038,19.467712418300657,8.252684754914338,8.662300238018325,8.314451427709592,8.604883095415158,0.0010169977630298448,0.0005847848718759427,0.0009348076245089027,0.0006151742719839367,0.031890402365442876,0.024182325609335895,0.030574623865370815,0.024802706948717043,0.9266286843934787,0.8788012151991417,0.9215581709333621,0.8899575673347748
1421f343-ba3a-424c-ac71-b5eb9ac26c10___GH_HL Leaf 201.JPG,Tomato___healthy,464.77783394607843,706.8312648981162,455.126731004902,673.5468358323722,0.28490894897588254,0.18328627120724247,0.2830245478300357,0.18325956730045562,13.431050857843138,17.844382929642446,13.373973651960785,17.69191849288735,7.360259888289505,7.680302660781304,7.360041374238595,7.678848528744293,0.0013425320893331292,0.0007831147662870621,0.0013416877814046886,0.0007817774519929268,0.036640579817098,0.027984187790376588,0.03662905651807986,0.027960283474831347,0.9476486333148539,0.9201216393168425,0.9486150674101715,0.923883087059805
14385f16-4e7f-401f-889a-8c1535ed85ba___GH_HL Leaf 503.5.JPG,Tomato___healthy,319.04016544117644,492.8405382545175,318.32374387254913,486.98185313341025,0.3280311499946315,0.225399173634846,0.32004793363733647,0.22281798689533516,10.108700980392157,13.7201691657055,10.388480392156865,13.669957708573627,7.1890614084756255,7.528479119442919,7.233331613658121,7.5333198522861755,0.0014163482560418468,0.000860015127414544,0.001363602711209331,0.0008519783521583467,0.037634402559916465,0.02932601451637341,0.036926991634972525,0.029188668214880014,0.9651535403155277,0.9459481586633293,0.965056183494679,0.9465912374724872
1457ca6a-4907-4c97-83f8-a0fa22135a27___RS_HL 0441.JPG,Tomato___healthy,806.7847426470588,1164.2876432141484,865.2939644607843,1368.0762475970782,0.26878159482951103,0.1680876267511901,0.25870691873550045,0.15729453602820873,17.975704656862746,23.47853902345252,18.734375000000004,25.281384083044987,8.148696107635246,8.495437118001146,8.197023581777312,8.57402849011536,0.0008665458682132473,0.0004371878972997255,0.0008287047753192882,0.0004150669285361958,0.029437151156544467,0.020909038650777933,0.028787232852764577,0.02037319141755154,0.8822783682392014,0.8302878148881708,0.8737213616213853,0.800578430514287
14768e0c-387d-40d2-96f9-031e0a45bed5___RS_HL 9667.JPG,Tomato___healthy,775.3747702205883,1223.8103652441368,766.5055453431373,1140.882214532872,0.2713154933403505,0.16706437058347628,0.2705553934720092,0.17727110654165573,16.992570465686274,23.107896962706654,17.034650735294118,22.19349480968858,8.186807808683422,8.574955583309954,8.19293953868325,8.524680499679475,0.0007629558793492888,0.00038591704814092,0.0007628649484648332,0.00041144592747502997,0.027621655984920397,0.019644771521728624,0.027620009928760583,0.02028412994128735,0.8962049628209371,0.8364838879890625,0.8975937002629201,0.847557873911027
1479f22a-c0d6-4dac-a752-578f575f276d___GH_HL Leaf 173.5.JPG,Tomato___healthy,258.2925245098039,389.5293810073049,253.17673100490194,385.98758938869673,0.3414604557833083,0.23558405592349854,0.3400318687555327,0.2404005606026702,9.330238970588235,12.438969627066513,9.221951593137256,12.328043060361399,7.0641784524715625,7.385751813148342,7.074091854530899,7.3719406061598,0.0015672166729743368,0.0009636581086060858,0.0015916060961379038,0.0009798999320197583,0.039588087513472245,0.031042843114091303,0.03989493822702203,0.0313033533670078,0.9730614999728262,0.9592355339623151,0.9735073163905216,0.9596062716452555
1480b935-0081-4052-a7e8-09ef0040d9b5___GH_HL Leaf 338.JPG,Tomato___healthy,471.58166360294115,726.1294886582084,471.69306066176466,720.3091118800462,0.29978817353785114,0.19592828201268564,0.29508397423354316,0.19695874758733822,13.064874387254903,17.6883352556709,13.34330575980392,17.561953094963478,6.863634711594949,7.1805384969984,6.888451776878016,7.171973317306613,0.002357396672478734,0.001473845817736975,0.0023025709810003967,0.00147773950840485,0.04855302948816617,0.038390699625520955,0.04798511207656388,0.038441377556024836,0.9488322746629844,0.921062269225308,0.9487421571080334,0.9216957885781997
148e32de-8876-45d9-92c5-43c17d7292fa___RS_HL 0189.JPG,Tomato___healthy,900.3624846813725,1375.0675586312952,993.3450674019608,1519.580484429066,0.2620353820235637,0.15990082830879243,0.2512915271048626,0.1524020056441216,18.837117034313724,25.266682045367162,19.907935049019606,26.52347558631296,8.22862472724484,8.602186982003452,8.28485946475202,8.648179937557757,0.0008025703004853903,0.0003918470419430256,0.0007613478693215951,0.0003752768321295997,0.02832967173275028,0.01979512672207545,0.027592532854408186,0.01937206318721885,0.8660345102160684,0.7951998870424306,0.8518909669421578,0.7736766276553109
1528d8ea-c972-4da3-8f66-b4a0de6ace90___RS_HL 0573.JPG,Tomato___healthy,758.8626072303922,1091.1313956170704,806.9739736519607,1279.6087504805846,0.27463329658047364,0.17429807183681523,0.265910491746854,0.1661297717946333,17.186259191176468,22.493517877739333,17.888832720588233,24.20067666282199,8.239466937813726,8.590842658977854,8.284506511789015,8.654502821063732,0.0007992432860858804,0.0004112361480464513,0.0007661483160398045,0.0003924746064455439,0.028270891144176555,0.020278958258412864,0.027679384314680925,0.019810971870293084,0.893180859716304,0.8465964171986873,0.8864697552804872,0.8201003879513069
1531dc0c-64d5-49f2-a78a-c7b39882a47a___RS_HL 9727.JPG,Tomato___healthy,753.4951899509804,1115.5799154171473,716.9399356617647,1102.3112187620147,0.2714051062517159,0.17110394083819075,0.2714119429238281,0.17141137537865545,16.884773284313724,22.30019223375625,16.60252757352941,22.09204152249135,8.25718144867973,8.620343537681006,8.250002268299582,8.61369972498947,0.0007269384493418997,0.00037442967326469683,0.0007337737532589629,0.0003716589056260117,0.026961796107490683,0.01935018535478916,0.027088258586682217,0.019278457034369003,0.8939520140533375,0.8433013992576522,0.8993663864615479,0.8451648932824269
162db449-3361-40fa-a9bf-42bb63d43781___RS_HL 9647.JPG,Tomato___healthy,655.8099417892157,1042.7182314494426,616.6818321078431,896.7478354479047,0.31964266083423837,0.22099473266140213,0.3230239990196457,0.22468129591447,15.220511642156861,20.696424452133794,14.922212009803921,19.5121876201461,7.776461524943904,8.134482923566141,7.753160044189189,8.091015710833814,0.0028641025142823674,0.002336398637675362,0.0030301451252222698,0.0023894672752516888,0.05351731041711987,0.04833630765455055,0.055046753993512366,0.04888217748066967,0.9136995031777204,0.8631072787972922,0.9190984247343984,0.8822701117842223
164d5472-31c5-4145-b30a-93198436539d___RS_HL 0103.JPG,Tomato___healthy,534.8221966911765,911.9990618992695,750.9796721813725,1105.423744713572,0.2870657252087201,0.181047155110001,0.2551322314487965,0.16574806522814056,14.173575367647057,19.966397539407915,16.942386642156862,22.01757785467128,8.189601591485493,8.59276457163359,8.363224393054374,8.688985708973883,0.0008442417542231354,0.0004456172699081666,0.0007223662098111304,0.00041399792851683193,0.02905583855653,0.02110964873957325,0.026876871280175643,0.020346939045390387,0.9331695785553258,0.886164002414133,0.9061078440689172,0.862021724733937
166b90f5-3bba-4aea-9bc4-212efb57a504___RS_HL 0377.JPG,Tomato___healthy,727.1409007352942,1120.4995770857363,822.2591299019608,1266.739592464437,0.2752609477118843,0.17381391836940005,0.2606059623743703,0.16239051232771487,16.66963848039216,22.330841983852366,17.835355392156863,23.8242522106882,8.134057074604414,8.500682211757631,8.206061522409861,8.566245499960832,0.0008479476277528475,0.0004411325546720637,0.0007956330366475635,0.0004090367751083819,0.029119540308062,0.02100315582649578,0.028206967874047778,0.020224657601758848,0.9017871228555927,0.8487237152117991,0.888800990634585,0.8289811152152736
167247af-fd67-4b70-a72e-052dc5ea863b___GH_HL Leaf 388.1.JPG,Tomato___healthy,250.56976102941175,424.42649750096126,258.42147671568625,383.8269588619762,0.3147770109991431,0.2167809298820655,0.31543155729652417,0.22040587919603027,9.763449754901961,13.519707804690505,9.96767769607843,13.002906574394466,6.601773941562714,6.920136420938307,6.615932207675344,6.886915973986927,0.0025589212185142133,0.0016763839537066237,0.0025019406410695406,0.001728215200110093,0.050585780793758764,0.04094366805388379,0.05001940264606866,0.041571807756099484,0.9745285640496297,0.9567632579922425,0.973653665364272,0.9608988896080901
16927ddc-fc87-4ff2-b450-1edc2b4c6191___RS_HL 0051.JPG,Tomato___healthy,677.7244485294118,1066.3052210688197,811.8495557598039,1221.4608996539794,0.2798949325902957,0.17558457086922552,0.25936043455812396,0.16899664583390975,16.18860294117647,21.973933102652826,17.83221507352941,23.40129181084199,8.29696593998051,8.68260229397783,8.403410677368246,8.738944901086128,0.0007581902796926062,0.00039456010250101957,0.0006897414991004061,0.00037800077189133034,0.027535255213863664,0.01986353700882649,0.026262930131659073,0.01944224194611646,0.911310813531582,0.8604433652669085,0.8936684058870265,0.8401340446187481
170e86b9-f51d-49a6-a992-15e00c85ee5d___GH_HL Leaf 189.JPG,Tomato___healthy,634.3294883578432,933.5964013840832,583.4493106617647,904.16861207228,0.2826407466671607,0.18011528795395726,0.2875461777989943,0.18219519943466267,15.38439031862745,20.30105344098424,14.925045955882354,19.980038446751248,7.321677136783197,7.6327939893398815,7.2916149396182455,7.6189557572726265,0.0016265999377117575,0.0009382996307131155,0.0016558062338178226,0.0009507290027302958,0.04033112864415968,0.030631676916439223,0.04069159905702678,0.030833893732876098,0.9214135985362306,0.883872242133536,0.9274628764575716,0.8875307949666645
1732045f-a451-4325-aa86-717a8cbdaf02___RS_HL 9698.JPG,Tomato___healthy,681.1678921568628,1040.9198308342945,719.3458180147059,1077.7980469050367,0.2843222663763308,0.18041263963565896,0.27661372998137757,0.17863476655002702,16.453186274509804,22.10066897347174,17.02765012254902,22.426113033448672,7.8965955726279,8.264655017788478,7.937152038855432,8.275659839385135,0.0010773457164537077,0.00060151377616127,0.0010357892462859839,0.0005938640404032342,0.032822944969239244,0.024525777789119553,0.032183679812693634,0.02436932580937015,0.9020397429824719,0.8497758550281818,0.8961540118401375,0.8444585947219787
185440e0-ca0a-4cd6-aba7-d03fae21552f___RS_HL 0141.JPG,Tomato___healthy,605.8644607843137,1024.9605382545174,729.8944087009804,1025.7034371395616,0.2860257536255082,0.17281579319069218,0.2627401593648281,0.17314232180707662,15.041819852941178,21.050042291426376,16.585186887254903,21.202214532871974,8.140584708642521,8.557561600197905,8.250527045097405,8.568155086689057,0.0007958710995695766,0.00037842033074848776,0.0007085291104608203,0.0003829031539491584,0.02821118748953288,0.019453028832253545,0.02661821012879755,0.019567911333332397,0.922559069228387,0.8690006254220076,0.9065525328419104,0.8689056926690127
188107b9-d61f-4084-94da-4d5f8d9eedc1___RS_HL 0553.JPG,Tomato___healthy,747.9329350490196,1152.8860745866973,859.5814797794119,1339.9124951941562,0.284067392339999,0.17875137315522155,0.2661494189392756,0.17188597274076128,16.51528799019608,22.368704344482893,17.820848651960787,23.779069588619762,8.2374551047861,8.627842353840292,8.324075217303333,8.675196089204462,0.0008677740804693508,0.00045850770730980505,0.0007998617334303516,0.0004378345004087832,0.02945800537153442,0.021412793075864835,0.028281826911116466,0.02092449522470693,0.8999675639458418,0.846064830940929,0.885017563166374,0.8210930758617792
190a6af7-d7b1-4265-b05b-c126a7962c93___GH_HL Leaf 408.JPG,Tomato___healthy,492.0961856617648,740.1529565551712,500.0599724264706,736.8720645905421,0.28481404044554814,0.18326020751104544,0.28414191271665845,0.17684099638588396,14.17746629901961,18.7037600922722,14.252405024509802,18.86575932333718,7.1604070519992575,7.469221451317871,7.157179820210835,7.479869330967578,0.0016431202607996326,0.0009711243169271689,0.0016238747097720827,0.0009353452173852632,0.04053541983006507,0.0311628675979469,0.04029732881683453,0.03058341408975236,0.940784985281479,0.9105349344976825,0.9395787764200825,0.9109321632629593
196e5fd8-8b4e-4a45-9db7-ae59c877e9a7___GH_HL Leaf 284.JPG,Tomato___healthy,574.3835631127452,898.8271280276817,582.7512101715687,861.600676662822,0.28982575149430007,0.18627803708276483,0.285879291573784,0.18632734492861258,15.026485906862746,20.341284121491732,15.365732230392156,20.097377931564786,6.776382156269099,7.098005772854975,6.794870130249379,7.093715774108766,0.002333310899804162,0.0014021534023896704,0.0022647215576641197,0.0014225017704573746,0.048304356944318824,0.03744533886066022,0.04758909074214509,0.03771606780216324,0.9305828811678671,0.891176754756189,0.929442755217939,0.8956856958048591
1971e05b-fc5e-40c1-a4ff-c6a4c746693f___GH_HL Leaf 237.JPG,Tomato___healthy,404.6787224264706,589.8543329488658,370.3929534313725,592.4040445982315,0.3024017034017632,0.2012905218632443,0.30759442636996304,0.2060713857868201,11.632245710784314,15.340007689350251,11.295833333333334,15.172302960399847,7.425667469355953,7.745213884195019,7.407567007751263,7.7325294712828025,0.0012483689932583021,0.0007414067372129816,0.0012779001766147636,0.0007569402298616109,0.035332265611736566,0.02722878508514439,0.035747729670774386,0.02751254677163877,0.9553182293779552,0.9347514230635738,0.9589964939053286,0.9344685292525653
19787f8b-a78e-4cf2-8fb2-3aae59b20c47___RS_HL 0456.JPG,Tomato___healthy,689.4816176470588,1099.3370242214532,735.9340992647059,1072.3978623606306,0.2741227428755536,0.1682866359415201,0.2641736677782327,0.17027521188153952,16.33042279411765,22.261560938100732,17.032781862745097,22.04661284121492,8.33516503422375,8.723543311029495,8.384603932270949,8.710946745238807,0.0007753392578500457,0.00040120244764346247,0.0007523231843671906,0.00040304398938035993,0.02784491439832498,0.0200300386330996,0.0274285104292448,0.020075955503546024,0.907067162789312,0.8520956626772328,0.9008720852534451,0.8557202957537392
199f4f32-6e91-4031-b861-bac1abe3452a___RS_HL 9763.JPG,Tomato___healthy,599.8455729166667,1094.5536793540946,698.5485140931373,916.3955555555556,0.2928784999035908,0.18735142725394494,0.27924188454056514,0.19161508151474155,14.499096200980391,20.76636678200692,15.62045036764706,19.48224529027297,8.218644336354362,8.632061344787996,8.293343175840656,8.592338202847078,0.0008747481859816536,0.0004999275557370727,0.000816876485869317,0.00049771009021018,0.02957614217543684,0.022359059813352455,0.02858105116802594,0.022309417074638682,0.926892313162824,0.866940260157584,0.9150593731050913,0.8885970136099994
20024ad7-62d7-492c-aa7c-5a139a9a2aff___GH_HL Leaf 416.JPG,Tomato___healthy,747.7707414215686,1121.5985697808537,721.4509191176471,1081.0740023068051,0.27866297057503214,0.1766916955861767,0.28413653168709874,0.17838462294928065,17.287162990196077,22.88487504805844,16.930729166666666,22.517970011534025,6.935455389510441,7.249474229057661,6.911882821423642,7.234339672876775,0.00211147157287011,0.001252970902121016,0.0021717558160097676,0.001265616912195218,0.04595075160288578,0.03539732902523884,0.046602100982785825,0.03557551000611542,0.901510215906012,0.8518688672190073,0.9047291284590055,0.8572199857967474
20249fbb-29c5-40fb-985e-5a0b9f0e67b1___RS_HL 0117.JPG,Tomato___healthy,592.3768535539216,927.7559707804692,650.2055147058824,972.4676509034987,0.2965656259440834,0.1921383625682485,0.28284395507974747,0.18663912067516664,14.72345281862745,20.010703575547865,15.63097426470588,20.47601691657055,7.927629103124647,8.301552025188592,7.989133394705295,8.322689529108235,0.0011103065781114835,0.0006560280470602425,0.0010668409113607146,0.0006415051378369984,0.03332126315300012,0.025613044470742686,0.0326625306943708,0.025327951710254787,0.9246146699755294,0.8817283854597189,0.9170403933130791,0.87603252675811
202825fe-3d0b-4c86-aea3-15604e2efed4___RS_HL 9694.JPG,Tomato___healthy,645.5430453431372,1039.6059207996925,789.5969515931372,1150.6226835832372,0.2760091953091235,0.16661905101391117,0.2533954615271269,0.1575919416025125,16.092738970588236,22.19372549019608,18.04183517156863,23.42142252979623,8.05340146187185,8.451334400614032,8.176169896967469,8.510976185101725,0.0008608444430928009,0.00042202607136136835,0.0007696834741670872,0.0003978166502369996,0.02934015069989929,0.02054327314138057,0.027743169865159373,0.01994534156731841,0.9126821461305001,0.8591704179456306,0.8929591773752653,0.844129542414526
203dd699-5df7-4f6d-ad63-d1557033f04a___RS_HL 9788.JPG,Tomato___healthy,644.2425551470587,1135.3910034602077,858.249525122549,1200.933256439831,0.2927984132137527,0.1779601324063142,0.2655008367113259,0.17455150897593336,15.429932598039215,21.956724336793542,17.682889093137256,22.685105728565937,8.072228026507675,8.506877066319667,8.212150199055245,8.530039080357707,0.0008345963926509636,0.0004038653692624949,0.0007316074862657992,0.0003905282932465717,0.02888938200534867,0.02009640189841194,0.027048243681721724,0.01976178871576588,0.9161485829042227,0.8520810354626058,0.8881142537630665,0.8435416060617584
221b0575-215a-430d-a728-60020b7ad160___GH_HL Leaf 340.JPG,Tomato___healthy,599.2191176470587,895.3759015763169,565.5030637254903,879.2579315647828,0.28699972691496584,0.184328565672693,0.29159387591572505,0.19106084069608026,15.199632352941176,20.12404459823145,14.85416666666667,19.799753940792,6.936224967532919,7.242161798753482,6.914414379673836,7.225742158467867,0.0021148612415822637,0.00127880912924834,0.0021680674246759065,0.001326718067948018,0.04598762052533555,0.0357604408424776,0.04656251093611583,0.03642414127948685,0.9293028809458034,0.8939777477862818,0.9330311486429893,0.8958847599537878
22356f83-9bb2-4b42-9283-bbf8e0dffba0___RS_HL 0430.JPG,Tomato___healthy,460.01996017156875,885.1599846212996,566.5167432598039,712.5295347943099,0.3096304895866219,0.20023548218013643,0.29546158375482784,0.20985113934524158,12.386933210784315,18.301237985390237,13.784145220588233,16.723983083429452,8.146478255731113,8.57983701754292,8.236456041136112,8.506939783773628,0.0013073142644580817,0.0008312215409416514,0.0012749189342365318,0.0008833663922180583,0.036156801081651035,0.028830912939788282,0.03570600697692941,0.02972148031673487,0.9465658536048791,0.8974505143368806,0.9342903906899888,0.9174502607571344
223cb57a-b9b7-4c9a-b03e-701a8548ff4d___GH_HL Leaf 248.JPG,Tomato___healthy,448.51611519607843,644.1438062283737,424.4323835784314,667.9809304113803,0.28059607744627674,0.18245956622657045,0.2877464505624304,0.18152111366414703,13.481770833333332,17.49344098423683,13.143290441176472,17.77042675893887,7.5081809688188885,7.817736236301343,7.481354045744217,7.826387052269878,0.0011777923126396698,0.0006848549806576332,0.0012207479451262736,0.000673245451243799,0.034318978898558006,0.02616973405783164,0.03493920355598097,0.025946973835956264,0.947648220723857,0.9247058202389911,0.9504584562138315,0.921917243214903
225003c5-d8a1-48ce-b315-42df4b99c51a___RS_HL 0464.JPG,Tomato___healthy,526.7695465686276,858.3285351787775,559.5858302696079,793.691534025375,0.295936310183873,0.18850597203710845,0.2884267998175535,0.19600691072756482,14.158639705882354,19.5918646674356,14.671675857843137,18.78557477893118,8.08662366517957,8.47656790924121,8.1175948077861,8.42311809453647,0.001085010427367179,0.0006365664523493094,0.0010518208892012686,0.0006578376606992165,0.03293949646499137,0.025230268574656697,0.03243178825167167,0.025648346159142823,0.9332106245147479,0.891422869951696,0.9291523394400624,0.8995992613626568
23467438-6237-4b34-acde-80a3129e4b5d___GH_HL Leaf 187.JPG,Tomato___healthy,563.8728094362746,884.1506958861976,553.4468137254903,809.3661361014996,0.2941635059039793,0.18539526087322677,0.288357409721665,0.1859864324582256,14.184941789215687,19.474033064206075,14.461825980392158,18.732564398308345,7.313802972164904,7.66045890839867,7.329459279087331,7.633618511222019,0.0016152056525735293,0.0008913088022070593,0.0015302554390513872,0.000912353794070568,0.040189621204653435,0.02985479529668658,0.039118479508429095,0.030205194819278487,0.9331573166583595,0.8947894900875911,0.9341814807592294,0.9036876549672576
236971d6-725b-4685-9336-550dd522d62a___RS_HL 0640.JPG,Tomato___healthy,700.7092984068629,1065.7103421760862,693.2088694852941,1084.596955017301,0.3042690355508285,0.20002880661775801,0.2895960826084314,0.19570800362651355,15.324433210784317,20.55284890426759,15.611075367647057,20.83006535947713,7.937324615764966,8.298280563972048,7.979190633339568,8.32272450649941,0.0014505576280757406,0.0009135337146671623,0.001332827828013865,0.0008704947569185308,0.03808618684084481,0.030224720257881,0.036507914594151564,0.029504148130704108,0.9147176131100134,0.8706061618762407,0.9157594907365295,0.8683122076219723
23726cb5-c36a-4016-aa3b-e60e32a0d9ec___RS_HL 9717.JPG,Tomato___healthy,751.8386335784314,1140.5919261822378,692.2293811274511,1040.6482122260668,0.2756818370137016,0.1738962047397716,0.27633043034641264,0.18099625440426267,17.02901348039216,22.82608227604767,16.57775735294118,21.736193771626297,8.118256301146372,8.482025393040495,8.097621974721305,8.440142519709795,0.0008725543463977199,0.00046112380105188305,0.0008689507847792917,0.0004799119494010599,0.029539030898079913,0.021473793354968355,0.029477971178140664,0.021906892737242768,0.8998793434121151,0.8484069320644712,0.9079812415541404,0.8616897213045284
237ec7d7-d96f-434d-8a94-250ec92c8e86___RS_HL 0457.JPG,Tomato___healthy,771.8437959558823,1056.571841599385,804.7929074754904,1355.869281045752,0.2719789687305946,0.17408971830098074,0.2622179476887827,0.1607113715102325,17.278201593137254,22.05693194925029,17.810768995098044,24.719815455594002,8.230102402752205,8.557580357205376,8.270417545866874,8.658200525849418,0.0008221054223811154,0.0004377705259607217,0.0007991191507623273,0.000409591141490105,0.028672380828614764,0.020922966471337703,0.028268695597114615,0.020238358171801016,0.8915832240026575,0.8517367925301998,0.88693060758785,0.8097344569467214
24069ab0-7106-40d0-bdca-e462a49d34dd___RS_HL 0267.JPG,Tomato___healthy,911.2548100490197,1316.7662898885046,951.6645067401961,1494.5917723952327,0.2684201532248335,0.1680451054739948,0.2622995641303205,0.16150194442601656,19.505422794117646,25.36273740868897,19.94560355392157,27.08155324875048,7.9499050835500915,8.284220537645716,7.972334733590426,8.341151398325533,0.0010287878028432573,0.0005297321986442087,0.0009957130135870218,0.0005095887616642877,0.03207472217873847,0.023015911857760682,0.031554920592310506,0.0225740727752944,0.8515521154587047,0.7855223967751385,0.8447686113139878,0.7565589218553532
240a9583-9e6a-446d-8850-62bc23312ce9___GH_HL Leaf 312.4.JPG,Tomato___healthy,553.0009344362745,812.5971856978085,499.23638174019607,785.606981930027,0.28137107919514653,0.17756441595905975,0.2844831095995515,0.18249738529321508,14.238342524509804,18.910173010380625,13.817080269607843,18.413133410226834,7.260639639771716,7.57991618463682,7.239083786745792,7.555657618637924,0.0015554123188797578,0.0009013524357960687,0.0015912389700250503,0.0009363101554558395,0.03943871598923775,0.030022532134982696,0.03989033680009546,0.030599185535824962,0.9353755268397734,0.9047626940152363,0.941461954045317,0.9079248435263028
24336aa8-a0ad-404e-9669-3661d9920aec___GH_HL Leaf 435.1.JPG,Tomato___healthy,340.5008272058824,516.4836447520184,302.72401960784316,480.688273740869,0.3056782617559663,0.2073182208170516,0.31835483253924346,0.21239841089955133,10.962469362745098,14.645582468281432,10.50686274509804,14.093763936947331,6.916096790707604,7.215643946932544,6.8771728040741085,7.184475994855269,0.0019120091046337347,0.0012241390019306153,0.0020217815723294523,0.0012639924815242005,0.043726526327090454,0.03498769786554433,0.04496422547236249,0.03555267193227818,0.965075564970991,0.9468422830234733,0.9688335882998402,0.9505268091734651
247e79d6-1874-4ce4-a777-a03a4f94edbf___GH_HL Leaf 211.1.JPG,Tomato___healthy,925.4816023284316,1408.8746943483277,961.5956035539218,1398.100023068051,0.2842845474056141,0.1774795754740673,0.2746961474056001,0.17363552655476422,19.10709252450981,25.611826220684353,19.63592218137255,25.783068050749712,6.977233339984561,7.308686296141097,7.004133766480596,7.315136938735556,0.0025119737788651007,0.001450091431134123,0.002378964304969844,0.0014214619787349997,0.0501195947595858,0.03808006606000209,0.04877462767638359,0.03770228081608591,0.8615258422589076,0.7885504115471351,0.8558480165040686,0.7901712264378724
249797c6-648f-4df5-ab87-a0b82eb08801___GH_HL Leaf 495.JPG,Tomato___healthy,399.10663296568634,559.7834525182623,348.49048713235294,574.7378700499808,0.31879385657271153,0.2215778255255721,0.3266821523360548,0.22087507101798237,11.923360906862747,15.332887351018838,11.22688419117647,15.512341407151098,6.935017413373382,7.2156640167009485,6.901766793186022,7.2283499765603585,0.001887878394502716,0.0012101429063231083,0.0020123658259068025,0.0012006318807083484,0.04344972260558997,0.03478710833517366,0.04485940064141297,0.03465013536349243,0.9565927666866094,0.9389394454441158,0.9619836487571213,0.9373090915479148
2503cc16-ff09-4437-9d4b-4316e2c32764___GH_HL Leaf 235.JPG,Tomato___healthy,525.2944852941177,749.3102037677817,463.87406556372565,751.3238292964245,0.29162835187814495,0.19368297763121056,0.2990150392897886,0.19216291968847532,13.70104166666667,17.832372164552098,13.152251838235294,17.890042291426376,7.109851739991253,7.402454191579867,7.076569955474944,7.412089204580445,0.0017397513970738422,0.0010575882076526626,0.0017975258304723549,0.001054200045201909,0.04171032722328898,0.03252058129327738,0.04239723847696162,0.03246844691699788,0.938694771376247,0.9122313051193857,0.9456699343518563,0.9119960482923566
25080b1c-6c0f-4b11-bb31-b5cfb2429395___GH_HL Leaf 238.JPG,Tomato___healthy,626.4233762254902,933.2724798154557,624.273805147059,924.4226835832371,0.2825888176019378,0.1758803981597803,0.27972463352118304,0.17944853201703084,15.539246323529413,20.760092272202996,15.638357843137257,20.426651287966166,7.374561058540874,7.711752972931796,7.382038328041699,7.692097795989973,0.0015096539032088021,0.0008350896891311876,0.0014874793217302244,0.0008551729357339124,0.038854264929461764,0.02889791842211455,0.03856785347579282,0.029243340023566263,0.919368945456805,0.8793917324099878,0.9193620442107601,0.8805344492769778
256a65aa-690c-4e03-b426-21e84bb9b6dd___GH_HL Leaf 477.1.JPG,Tomato___healthy,505.25549938725493,775.4247750865053,475.6833639705883,717.5820222991157,0.30018790042212684,0.19855528984712223,0.29875289367436103,0.19922156022733967,13.447564338235292,17.937070357554788,13.292034313725491,17.585313341022683,6.76051646988786,7.062741042452113,6.752244975005834,7.044560289198698,0.002445609016814446,0.0015563061614872935,0.0024272751212349214,0.0015428252907785,0.04945309916288813,0.03945004640665577,0.049267383949575826,0.039278814783270895,0.9451959195881642,0.9155854576183732,0.948189923368242,0.9218811660151082
2605218e-e8bf-43d8-8b00-52058e9f0f25___RS_HL 9893.JPG,Tomato___healthy,514.4617800245098,811.5161091887736,511.88265931372547,748.0800153787005,0.2850893653472146,0.1802666881580483,0.28278634579737816,0.1876344117141444,13.721583946078432,18.644444444444446,13.7390625,17.85524029219531,8.199986707546158,8.580785495536547,8.205450283231443,8.535062535146938,0.0007356375430648669,0.0003880431047059799,0.0007208134622951508,0.0004031692184755486,0.027122638939912666,0.01969880972815312,0.02684796942592029,0.020079074143882946,0.9354884832690041,0.898478999168637,0.9360250492576848,0.9064134823263257
264a08a7-74a4-4492-aff1-8a3ab8b35c46___GH_HL Leaf 314.1.JPG,Tomato___healthy,567.9043811274511,842.9958169934642,546.4177236519607,833.4512264513648,0.28012142138305207,0.17540558028920852,0.28087616069955906,0.17986337070006606,14.987193627450981,19.93665513264129,14.949034926470588,19.734256055363325,7.216262491146375,7.538213865642741,7.210542911266514,7.526052692750729,0.0015971886657926045,0.0009038670691380792,0.0015822280127009442,0.0009253192033762189,0.039964842872112036,0.030064382068123056,0.03977722982688644,0.03041905987002588,0.9302648542617693,0.8960599089433812,0.9325978313046366,0.8972383352477976
267fd403-bea5-4a99-ae97-ea1c272623a1___GH_HL Leaf 440.1.JPG,Tomato___healthy,361.05337009803924,586.636216839677,368.8885723039216,543.8248058439062,0.2988460733085415,0.20006256586414334,0.3011630755851811,0.19766671753731838,11.476072303921569,15.469957708573627,11.549571078431372,15.21024221453287,6.939256360617949,7.24532749960883,6.936090238943271,7.237647506317236,0.0018792468829596791,0.0011785159967900435,0.0018840435751123366,0.001170341812460561,0.0433502812327634,0.0343295207771685,0.0434055707843168,0.034210258877426826,0.962031509545145,0.9380695760184675,0.9610417405196775,0.9425892939850892
271be296-4c0b-4817-a44b-cc9611d3f519___GH_HL Leaf 182.1.JPG,Tomato___healthy,549.0295036764705,818.5372395232603,535.5570159313726,803.1496347558632,0.28193796457086606,0.17442240674316367,0.27895942944021573,0.17596175811601453,14.42953431372549,19.33118031526336,14.539736519607843,19.109281045751633,7.460253270666631,7.801493702577653,7.4669202958269665,7.789307558766214,0.0013600278954834077,0.0007435558529598752,0.0013269055875069085,0.0007539316570195031,0.03687855603848133,0.027268220568270954,0.03642671529944621,0.02745781595501549,0.9345457637970687,0.9020881601307418,0.9359186917133409,0.9039269581984394
273f3e74-dbdc-40bc-8507-3bdd3ce24134___RS_HL 0149.JPG,Tomato___healthy,774.281556372549,1241.151203383314,994.9157781862745,1483.8412149173396,0.27588848171362346,0.17233497788945457,0.2507971596211821,0.15978552139416347,17.24543504901961,23.60604382929642,19.554810049019608,25.648581314878893,8.06805191275054,8.450436256509558,8.197649882556822,8.530226008019817,0.0008964392498152754,0.00045449682869732905,0.0008015319284499951,0.00042871488962412205,0.02994059534837735,0.021318931227839004,0.028311339220354715,0.0207054314039607,0.8944421962430273,0.8308713715814376,0.8642722693891342,0.7978039649298627
275d05cf-89de-45bc-9928-ac6f242c9dd7___RS_HL 0572.JPG,Tomato___healthy,753.3304840686275,1316.2962245290273,826.3574448529412,1088.209196462899,0.2772375409615748,0.1678087113990016,0.26778545771794815,0.18025188037662448,16.89715073529412,24.07375624759708,17.693535539215688,21.9923260284506,8.244345181907105,8.6649268582616,8.286311107815092,8.576894306801801,0.0008246073710006368,0.0003990739077818974,0.000766515794143178,0.0004244455116706806,0.02871597762571626,0.019976834278280866,0.02768602163806093,0.020602075421439478,0.8990993898431457,0.8240273725286875,0.8894158809758923,0.8545171698028194
2763797b-4786-41ef-8ff1-73b088f9973c___GH_HL Leaf 231.JPG,Tomato___healthy,479.1775582107843,724.8215301806997,481.89523590686275,726.3864359861591,0.2844600747847663,0.1793443094280672,0.2799247441896931,0.18293757172718839,13.757368259803922,18.382960399846215,13.85390625,18.24169165705498,7.3275112797639315,7.65506626666134,7.333831458093165,7.643341696580516,0.0014579252589899318,0.0008394520133252507,0.0014195524257497117,0.0008540893906921613,0.03818278747014068,0.028973298281784396,0.03767694820111777,0.02922480779564104,0.9448037875751659,0.9162495974140522,0.9444068084004267,0.9160666171655871
28200010-ba2b-41f7-9dff-94d86019488e___GH_HL Leaf 366.JPG,Tomato___healthy,328.2722426470589,522.1736101499423,282.8407475490197,449.95261822376017,0.31430624946137725,0.2139850197316593,0.3110535494406114,0.2148928202881875,10.181096813725489,13.98260668973472,10.11966911764706,13.431956939638601,6.910991212779315,7.238862530866312,6.9243174540495005,7.21788458940415,0.0019450034053909554,0.0012460480627257047,0.0019158247992058348,0.0012702811342929796,0.044102192750371895,0.03529940598261824,0.043770135928573886,0.0356410035533931,0.9676775918537507,0.9483945734336159,0.9720640627172271,0.9555315689903564
283a4ff6-4a72-498d-b5fc-df970b8b4b83___RS_HL 9643.JPG,Tomato___healthy,803.9702512254904,1301.4858900422914,755.2582414215688,1107.8697885428683,0.2730181543401141,0.17055726802375987,0.2687558709983279,0.17280607788484564,16.896446078431374,23.252072279892353,16.76326593137255,21.742114571318723,8.241945920132443,8.634339916838748,8.253801900851656,8.58889255885483,0.0007268549102583744,0.00036421835803548193,0.0007023133098597897,0.0003708537262972674,0.026960246850842712,0.01908450570582015,0.026501194498735142,0.01925756283378734,0.8953915076849291,0.8309679736586374,0.9018902796992231,0.856113700937284
285e95b9-fe77-43a7-85ab-5ef37ae162f8___RS_HL 0047.JPG,Tomato___healthy,508.33583026960787,877.2999769319492,671.2088694852941,968.1316416762785,0.2998744327389653,0.18870399341109073,0.27856943464976125,0.1886716906659122,13.225873161764707,18.705528642829684,14.974739583333333,19.2641906958862,7.926076245527372,8.3374573090337,8.041768455631294,8.352415411512276,0.0009671163650624159,0.0005213943532498147,0.0008750760064863874,0.0005195575416014986,0.0310984945787158,0.022834061251775048,0.029581683631706757,0.022793804895223143,0.9403727212598076,0.896909403164333,0.9210870365670546,0.886238976538598
291a778d-bfbd-450e-98a8-d8276a9a5cf2___GH_HL Leaf 486.1.JPG,Tomato___healthy,425.4232077205882,649.8143175701654,417.50787377450973,628.3187081891581,0.30623513782704537,0.20405608158729352,0.30298186225434287,0.20219411516873093,12.17234987745098,16.24962706651288,12.182291666666666,16.21748558246828,7.156891534022238,7.481906526299416,7.172961110653871,7.484504800146479,0.0016059363342073962,0.0009836343369546596,0.001613918657900507,0.0009709951855089007,0.040074135476731075,0.03136294528507582,0.04017360648361692,0.031160795649483996,0.9533059424924902,0.9285238638515546,0.9540991578249967,0.9308897620800166
29265f8d-86ff-4de1-b1ad-e33a64b189dc___RS_HL 0264.JPG,Tomato___healthy,637.1032169117648,1127.963475586313,714.3145986519608,934.2745098039218,0.28954990636600725,0.17550294993073204,0.2721534032070055,0.1858918405766491,15.592218137254905,22.414133025759327,16.64278492647059,20.533979238754327,8.095478144146847,8.53279387574409,8.174893113714077,8.450869745330396,0.001005142839630491,0.0005331090088823672,0.0009078439773389441,0.0005687983549934436,0.03170398775596677,0.023089153489947768,0.030130449338483887,0.023849493810004514,0.9156486293922496,0.8510168905366914,0.9055180935892079,0.8765983013156189
29289230-4809-46cd-ba98-77af06af3f32___RS_HL 9651.JPG,Tomato___healthy,684.1271905637254,1061.7601384083046,666.8877144607843,1016.226251441753,0.2764761160064254,0.17366367676460015,0.2727770430921635,0.1761062166160811,16.068550857843135,21.66485198000769,16.04500612745098,21.171364859669353,8.199744322889785,8.574332704983352,8.20669449138569,8.55617676527637,0.0007982582992794238,0.0004259728572735681,0.000771899254493464,0.00043112983634928197,0.028253465261440475,0.02063910989537989,0.027783074964687834,0.02076366625500617,0.9093759329927311,0.8596139070556761,0.9118929485276255,0.8656323108044677
293dddf9-f5e5-42de-ab68-f1cad0f69a43___GH_HL Leaf 232.JPG,Tomato___healthy,542.0560661764707,817.8223760092272,545.8882506127451,814.4234063821607,0.2785704456359404,0.17420504651207153,0.279634136816993,0.1771934744978695,14.707536764705884,19.57204152249135,14.756020220588235,19.47118800461361,7.388720099956753,7.716849271103804,7.387266260425155,7.708513623314844,0.0013782031606683733,0.0007684863760884561,0.0013700924777654629,0.0007793358985194971,0.03712415872000837,0.02772158682486369,0.037014760268917896,0.027916588232079813,0.9320349993033201,0.8970932822516007,0.931378916147426,0.8975173470602839
2956235c-12ff-403f-be91-60868a42ad3e___RS_HL 9849.JPG,Tomato___healthy,709.0636642156865,1097.5994617454826,713.9221354166666,1044.6075509419456,0.26584130033399356,0.16378874957652567,0.2676080019171502,0.16842697326442854,16.798621323529417,22.657946943483275,16.85258884803922,21.891918492887353,8.220890056919853,8.597245265105897,8.215525681098654,8.565530028080481,0.0007519415093128247,0.00037385532225871784,0.0007539428100820598,0.0003839210690118446,0.027421551912917414,0.01933533869004414,0.027458019048759868,0.019593903873701243,0.9056952645474615,0.8542058459581883,0.9051207869883732,0.8612437654633334
