Filename,Label,Contrast0,Contrast45,Contrast90,Contrast135,Homogeneity0,Homogeneity45,Homogeneity90,Homogeneity135,Dissimilarity0,Dissimilarity45,Dissimilarity90,Dissimilarity135,Entropy0,Entropy45,Entropy90,Entropy135,ASM0,ASM45,ASM90,ASM135,Energy0,Energy45,Energy90,Energy135,Correlation0,Correlation45,Correlation90,Correlation135
0012b9d2-2130-4a06-a834-b1f3af34f57e___RS_Erly.B 8389.JPG,Tomato___Early_blight,305.76188725490204,363.72742791234145,276.00903799019613,325.9807151095732,0.5878759520762604,0.576995928918436,0.5931416108543756,0.5812343159602864,7.355330882352943,8.34728181468666,6.91593137254902,7.74234525182622,4.616395563030943,4.6768451438606276,4.575139248169546,4.640260137454754,0.29466157249559205,0.29227826874619095,0.29863396785021845,0.29421220614139904,0.5428273873853382,0.5406276618396352,0.5464741236785311,0.5424133167072864,0.9163826198423423,0.900682325863875,0.9245475906543337,0.9109892629661238
0034a551-9512-44e5-ba6c-827f85ecc688___RS_Erly.B 9432.JPG,Tomato___Early_blight,122.51464460784314,173.44781237985387,124.89944852941179,186.76161476355242,0.780421758378281,0.760552595778642,0.7678493259327023,0.7601371903004774,2.7230085784313722,3.9209227220299874,3.2187500000000004,4.058562091503266,2.7218358878653706,2.8474886408029785,2.791083831200121,2.8561356742108748,0.5413174301200258,0.5363323413450685,0.5418728239946027,0.5361066611324629,0.7357427744259714,0.7323471453792036,0.7361201151949338,0.7321930490877818,0.9554035076468299,0.937035872888552,0.9545354164060443,0.9322027652573757
004cbe60-8ff9-4965-92df-e86694d5e9ba___RS_Erly.B 8253.JPG,Tomato___Early_blight,757.8749846813726,885.6327412533641,750.0629595588236,917.957816224529,0.4839748214007993,0.4736102298584083,0.4831254727717249,0.471626389357117,13.366406249999999,14.554725105728565,13.118903186274512,14.94780469050365,5.923901048957823,5.989316211480896,5.9237319373755675,6.0108194636781,0.1994714721538892,0.1947167376106046,0.1979293725858145,0.19305119726671816,0.44662229249544766,0.44126719525770847,0.44489254049243676,0.4393759179412524,0.9048335902680393,0.88882661316512,0.9058184976032695,0.8847688498318108
0114f7b3-7f56-4bef-aa47-7a82da142d4b___RS_Erly.B 7437.JPG,Tomato___Early_blight,216.21014093137254,269.99600153787,193.94350490196084,268.09725490196075,0.6929551269789269,0.6844213355090972,0.6938150957281295,0.6843268582176535,5.497886029411764,6.26232987312572,5.120128676470589,6.278046905036524,3.656794646125213,3.7107599993666107,3.634428360521125,3.710226974559666,0.4423607823519648,0.43711035648460395,0.4426266006651589,0.4378423462067128,0.6651020841584883,0.661143219344042,0.6653018868642707,0.6616965665671183,0.9498777964705514,0.9375598095691366,0.9550396860016098,0.9379989201517039
011aa278-a39e-40b0-b6e4-2e2f835889f0___RS_Erly.B 8251.JPG,Tomato___Early_blight,559.666299019608,679.2356785851595,602.1325061274508,670.4482583621684,0.5904990221868687,0.5792448476751558,0.5878774744591118,0.5779299693308434,10.520649509803924,11.839876970395999,10.849754901960784,11.783960015378701,4.840407535356755,4.9193848438111925,4.853567166187468,4.917131666485228,0.30996800863756596,0.3034078378454682,0.30882528654844266,0.3036785690772529,0.5567477064502071,0.5508246888488825,0.5557205111820533,0.5510703848668089,0.9027423735000025,0.882165130030346,0.8953626857878763,0.8836895854616357
01861c93-ea8b-4820-aaa8-cc6003b3e75b___RS_Erly.B 7855.JPG,Tomato___Early_blight,244.66789215686268,308.67943098808144,218.9269301470588,258.30668204536715,0.8047946682265797,0.7996609843604564,0.805261279157201,0.8008486247142443,4.5419117647058815,5.166443675509418,4.298131127450981,4.883844675124951,2.3504280903598023,2.384207712260551,2.340484156230965,2.3735507908660853,0.6233063972587539,0.6184912968587332,0.6245647928193181,0.6215179153435351,0.7894975600081067,0.7864421764241368,0.7902941179202323,0.7883640753760505,0.9351225737344836,0.9183916000812802,0.9419481827266264,0.9317091037049056
0208ed52-1b28-4c9c-88e3-4667581e1109___RS_Erly.B 7829.JPG,Tomato___Early_blight,356.8068014705882,409.5214148404459,353.6170343137254,458.96492118415983,0.8223267039267791,0.8194939479744365,0.8226997930939268,0.818999659535099,5.725428921568627,6.053333333333333,5.660110294117645,6.483936947327949,2.159680000324994,2.1847798958292586,2.1612391437607616,2.1919641506816054,0.6648490994346004,0.6605158612138795,0.6642747263484898,0.659916024490625,0.8153827931926209,0.8127212690793071,0.815030506391319,0.812352155466227,0.9269284762755022,0.9163941824055819,0.9275817181574327,0.9063000466099932
023fe2d4-6e1d-40ce-99ae-85ba90f436ff___RS_Erly.B 6354.JPG,Tomato___Early_blight,91.14932598039216,157.6680661284121,110.78621323529411,133.13411764705882,0.6034377483797125,0.5499690646032067,0.578937408615664,0.559626311317555,2.9028186274509804,4.647504805843906,3.6163296568627445,4.118231449442521,4.644683642574482,4.9233615814386145,4.778857870245069,4.861347878332062,0.21059658509591425,0.20583211975520005,0.21008457510895753,0.2069674033336185,0.45890803555387244,0.4536872488347012,0.45834983921559036,0.45493670255720026,0.965024604230415,0.9394993819788879,0.957494494191915,0.9489135841192953
0378db62-5231-4eff-815d-c0deb0043e80___RS_Erly.B 7464.JPG,Tomato___Early_blight,133.32040441176474,202.43466359092653,164.18639705882356,214.67558631295663,0.8191275247650749,0.8082553184080903,0.812970822067699,0.8076782939121036,2.870863970588236,3.940299884659746,3.452941176470589,4.130688196847367,2.252730837838001,2.328867443467105,2.2951916694352525,2.33882903892571,0.632387549119104,0.6272536772817244,0.6312406045516978,0.6266202125849627,0.7952279856236851,0.7919934831055899,0.7945065163683038,0.7915934642131418,0.9448007373436088,0.9164455779128625,0.9320211478817206,0.9113931664053192
0401adc0-0998-4d8e-90de-4eae8caf4248___RS_Erly.B 8446.JPG,Tomato___Early_blight,726.4423100490194,840.2557477893116,804.8813725490197,837.2952249134948,0.5177911743499716,0.5081443010600043,0.5133950931575275,0.5082196967041379,13.53318014705882,14.926412918108419,14.479718137254906,14.94474432910419,5.478263691308965,5.549341433012336,5.510366014227452,5.55201946774742,0.24095288562298003,0.23529662494876344,0.23945047744463527,0.23577386581714257,0.4908695199571675,0.4850738345332218,0.4893367730353353,0.485565511354691,0.86181341686899,0.8402880881279167,0.846892443956298,0.8408508105726983
04747279-48b2-4ce1-932b-e511424beb6b___RS_Erly.B 8240.JPG,Tomato___Early_blight,384.0815563725489,520.0087966166858,394.584650735294,426.47597078046897,0.7067315703599759,0.6976757188296921,0.7063858403941724,0.7007086112457773,7.406158088235292,8.827497116493655,7.469546568627449,7.991449442522105,3.4804927132832493,3.5536825294388077,3.4871578444666365,3.5207407586643513,0.4725017329666623,0.46318883829172236,0.47092403589327103,0.46818331813053293,0.6873876147899832,0.6805797809895048,0.6862390515653208,0.6842392258052244,0.9085133975228946,0.8764401457413176,0.9060116048624525,0.8986645819507009
04ddbde3-d33c-42bf-b849-dad24d64fd6f___RS_Erly.B 7664.JPG,Tomato___Early_blight,87.24463848039215,112.8647750865052,74.83299632352939,113.07604767397159,0.7564472508377181,0.7329847396262631,0.7462752115537904,0.7331952579975245,2.7763480392156863,3.4642675893886974,2.7211703431372545,3.465743944636679,3.009302214800888,3.1013218393919475,3.018097758700629,3.1072051891844024,0.4782663535265131,0.4728884576230626,0.4784691351480271,0.4717689893323199,0.691568039694225,0.6876688575346876,0.6917146341866905,0.6868544164030104,0.9285476310888137,0.9078028577050802,0.9387126251747838,0.9076302730452984
04e38351-80bc-4260-8a4d-187f7817c3e5___RS_Erly.B 7439.JPG,Tomato___Early_blight,211.03759191176476,365.4301883890812,272.2129289215686,329.8299730872741,0.7996788501400665,0.7827064789132702,0.7938033476045512,0.7851008074151085,2.894852941176471,4.457485582468282,3.358547794117647,4.121953094963475,2.5361648056485073,2.6408926988400094,2.55462680611063,2.623495839166268,0.5793024034804449,0.5724841420676192,0.5765070477653952,0.5725552084557426,0.7611191782371831,0.7566268182318276,0.7592806120041491,0.7566737794160325,0.9687180658729933,0.9459845431198269,0.9596500944030654,0.9512467298675518
055ae8d8-09e1-4b27-b385-9ff8a3e0eaae___RS_Erly.B 8247.JPG,Tomato___Early_blight,369.8768382352941,488.44287581699353,439.47628676470595,490.0261130334487,0.5670726155944888,0.5532719017503654,0.5609504039393346,0.5532792977485783,8.686060049019607,10.427435601691657,9.663388480392157,10.35435601691657,4.939160767988576,5.039688871630261,4.983680206767767,5.034344983360546,0.28089625586275385,0.2753311969296995,0.2800493855606543,0.2752670354066348,0.5299964677832805,0.5247201129456536,0.5291969251239601,0.5246589705767307,0.9192371275339137,0.893474679193429,0.9040400381132592,0.8931293883503317
05fab431-cc13-4d6d-b4e1-912e0059c7c1___RS_Erly.B 8349.JPG,Tomato___Early_blight,258.6107536764706,393.04461361015,370.1150735294119,446.6258208381392,0.8472896621614632,0.8399308369519749,0.8413608498518161,0.8366434336999448,3.7946691176470595,5.024313725490197,4.796170343137256,5.530272971933872,1.8840248011148844,1.9382630799962701,1.9231182416309247,1.957103924688509,0.6960856983341744,0.68817310125745,0.6899142041879179,0.6846826290009713,0.8343175045114266,0.829561993619193,0.8306107416762186,0.8274555148169425,0.9339774685029503,0.8999797413348847,0.9055107579547964,0.8863446321870763
0621aab4-b9fd-4012-b0a6-ba72e63cd87d___RS_Erly.B 8220.JPG,Tomato___Early_blight,72.16519607843136,115.50788158400618,83.76847426470587,103.03969242599001,0.9567507403311546,0.9543968172726999,0.957371584957364,0.9554553572246545,0.8930759803921569,1.279169550173011,0.9621017156862745,1.1653056516724338,0.5681165496269571,0.5860410838690864,0.5704317789348659,0.5818358243033228,0.9050936698400257,0.9027716655277505,0.904510888169702,0.9030640025033997,0.9513641100230898,0.9501429710984292,0.9510577733080688,0.9502967970604761,0.9501906770550343,0.920571610523853,0.9421819490004155,0.9291452954614033
06339fe1-154f-4bcb-be91-a29e86e25929___RS_Erly.B 7440.JPG,Tomato___Early_blight,115.37147671568626,188.27927720107652,145.16415441176474,160.83426374471358,0.8098179508449034,0.7985820052009095,0.8044395038824589,0.8012488006198183,3.1315563725490194,4.310034602076125,3.6386029411764715,3.9176931949250293,2.307378966863357,2.3876654950242835,2.3393348088524477,2.367565330803542,0.6235017936498284,0.6150625742531524,0.6209635531650239,0.616800786495479,0.7896212976166667,0.7842592519397857,0.7880124067329295,0.7853666573616931,0.9304475743821564,0.8868452644906415,0.9124868698960784,0.9033395557630096
06d0298e-18e5-4bf5-8d33-8feef6600f15___RS_Erly.B 7573.JPG,Tomato___Early_blight,124.46439950980393,205.8175778546713,153.10045955882356,188.36164552095346,0.682390163194935,0.6561146417839594,0.6687602371767362,0.6582689589350045,3.483854166666667,5.118861976163014,4.171660539215687,4.854379084967319,3.620692349825851,3.7783308165062985,3.693556525727864,3.760236513530425,0.3828721635665219,0.3766240833938267,0.3815664805434659,0.3760805147400645,0.6187666471025421,0.6136970615815484,0.6177106770515352,0.613254037687535,0.9525520718186864,0.9216800132007554,0.94163552278175,0.9283225381211035
06d6d114-8d26-43eb-b79f-44218bbfa0d1___RS_Erly.B 9441.JPG,Tomato___Early_blight,296.300612745098,441.5027758554403,359.9737745098038,418.88012302960396,0.7355965514794451,0.7261631194913962,0.730843899021536,0.7263736493455952,5.991605392156863,7.5351941560938105,6.716789215686273,7.462360630526719,3.152887803545506,3.221804530762749,3.1834811104039047,3.2198388983551505,0.5139092000325522,0.5057791526962764,0.5105102994303572,0.5069387503490289,0.7168746055151851,0.7111815188095627,0.714500034590872,0.7119963134378077,0.9356833673846251,0.9044136640208016,0.9218621224174302,0.9093115188294406
070679a9-27e1-4e6e-8072-29f3750d525b___RS_Erly.B 6439.JPG,Tomato___Early_blight,66.06173406862744,103.1545713187236,102.74295343137254,137.1394079200308,0.9096383855230695,0.9002273869472444,0.9006927952436744,0.897561515337569,1.1469975490196078,1.854517493271819,1.803799019607843,2.158554402153019,1.1853224542959042,1.2483474749537238,1.2415451955686416,1.262346254282183,0.7944754789793139,0.7907023735141059,0.7917447862694788,0.7887617348841526,0.8913335396916879,0.8892144699194373,0.8898004193466525,0.8881225900089202,0.9639726121382474,0.9439388051199972,0.9439681642403042,0.9254691384507011
072ae43a-416b-434a-a5a2-1b48bc47fada___RS_Erly.B 7472.JPG,Tomato___Early_blight,244.59964767156868,569.7214148404462,483.4148590686275,481.0529334871204,0.5952382955734713,0.5619610869824783,0.5681318471819728,0.5665850911185215,6.382368259803922,11.330980392156864,10.279013480392157,10.301130334486736,4.568163261097563,4.8412437059040805,4.7915282768679415,4.800071560713391,0.30344177398622973,0.28876185810295973,0.2935050906277033,0.29242535002285963,0.5508554928347631,0.5373656651694074,0.5417611010655004,0.5407636729874332,0.9319402092872808,0.8416937988743692,0.8656306689135743,0.8663317536308266
07324d80-17c5-4541-9702-62e9c744ac07___RS_Erly.B 7455.JPG,Tomato___Early_blight,122.15664828431372,156.18961937716264,116.89313725490196,190.33030372933484,0.6751556919373111,0.6618109050352958,0.6752718814169475,0.6534730138735217,3.6117953431372545,4.306251441753171,3.522763480392157,5.018008458285273,3.8359584209479993,3.9156491389847745,3.8255197486520274,3.975478261078527,0.37645643117656064,0.3718106012223434,0.3763256284485684,0.37073527482775415,0.6135604543780185,0.6097627417466103,0.6134538519306635,0.6088803452467111,0.9615274007109059,0.9509030027932721,0.963185116058637,0.9401711430771235
07409e2c-a730-4b11-b25e-31025bd63a91___RS_Erly.B 9578.JPG,Tomato___Early_blight,130.03501838235294,213.84630526720494,165.40713848039212,193.8442137639369,0.7177704378585903,0.6894051410939269,0.7017800447229524,0.6937368007944853,3.568014705882353,5.325151864667435,4.446966911764705,5.000230680507497,3.3603177932225052,3.5225195374930225,3.446237232403294,3.5019174885840525,0.44104775164412413,0.4302240145710378,0.43835623313261407,0.4334165539205707,0.664114260985355,0.6559146396986714,0.6620847628005149,0.6583437961434517,0.943532592414385,0.9073428900864818,0.9281639799554204,0.9160095630439727
074bc781-f586-46b0-bef5-0237e3bf5043___RS_Erly.B 8375.JPG,Tomato___Early_blight,497.667493872549,647.5970011534024,535.5745557598041,580.4240061514802,0.5640136262784384,0.5490328971851843,0.5584011028575965,0.5522544723022611,9.980514705882355,11.782837370242213,10.58791360294118,11.088058439061896,4.8946215277378355,4.987766497504401,4.922157293944602,4.957272572403131,0.2787984008085081,0.27069788584256393,0.278229515841263,0.27424499535194874,0.5280136369531644,0.5202863498522365,0.5274746589564877,0.5236840606242935,0.8955789505882962,0.8642506110249076,0.8876239765511208,0.87833142519004
07502bbb-1733-4d49-a3dc-557b1d4391da___RS_Erly.B 7516.JPG,Tomato___Early_blight,164.71694240196084,245.1015763168012,191.45361519607843,243.15346405228763,0.5964128274506485,0.5784651165159349,0.5866688335464775,0.5779859572174313,5.353676470588236,7.230080738177623,6.296936274509804,7.160876585928491,4.446403998868346,4.582268983468144,4.51427951745327,4.578179864689742,0.29969790120254974,0.29629898263185367,0.30020479031408437,0.2957640172997077,0.5474467108336205,0.544333521502997,0.5479094727362216,0.54384190469263,0.9432648003542446,0.9156735075328462,0.9340556051936415,0.9163437499550586
079e0d43-e9d2-4217-b8e8-2f3b989cdab2___RS_Erly.B 7588.JPG,Tomato___Early_blight,216.19258578431376,304.78385236447514,224.92285539215686,321.5739792387544,0.7405909897080668,0.7237235408784276,0.7341596243084152,0.7237623688882335,4.181740196078432,5.511234140715109,4.316574754901961,5.6881199538639,3.125851484079396,3.232055152999938,3.1419907846890904,3.2355920620230814,0.4920253201330318,0.4839174138358932,0.49049826323183976,0.48398142979048236,0.7014451654498959,0.6956417280726431,0.7003558118783907,0.6956877387093165,0.9292358356680235,0.9004963707417016,0.9263782435311303,0.8950148514724319
08615b7d-eca7-487e-a9ea-07842ecf81e8___RS_Erly.B 7543.JPG,Tomato___Early_blight,159.36997549019608,219.34592848904268,177.57204350490198,245.57427143406392,0.7972490300864846,0.7783537147497986,0.7857072409403034,0.7767118110020681,3.174142156862745,4.331703191080353,3.6610447303921565,4.564136870434449,2.4750401668195727,2.5798330902591706,2.5250302565970673,2.5855636639656088,0.5742413770066274,0.5675928839956125,0.5741410728492723,0.5650483408844766,0.7577871581167283,0.7533876054167685,0.7577209729506451,0.7516969741089002,0.9178585088098629,0.8870538693503541,0.9083005392866405,0.8735483082059173
089243e5-f319-4ed2-b10c-603328ff4143___RS_Erly.B 9428.JPG,Tomato___Early_blight,198.1771446078431,308.20838139177243,238.58155637254896,296.95424836601313,0.7168630830400874,0.6930632820254642,0.7011488316802383,0.6927281400593148,4.460294117647058,6.428573625528643,5.523284313725489,6.32258362168397,3.3756266178868133,3.528157706641203,3.4628582058027275,3.516445353153558,0.4536974322103802,0.44500322175202184,0.45302700924167516,0.4462348786384915,0.6735706586620146,0.6670856180071805,0.6730728112482892,0.6680081426438539,0.9325240263009821,0.895302095039341,0.918761355200489,0.899125106420877
08fe6531-bb66-4e0a-98b3-4b86a794f9f9___RS_Erly.B 7483.JPG,Tomato___Early_blight,183.02591911764705,255.8206843521722,148.41026348039216,223.58615916955014,0.7009860136946929,0.6803921221388702,0.7005176645347445,0.6901233230783365,4.2841299019607835,5.617962322183773,3.82156862745098,4.981653210303729,3.554365926238287,3.677527214658496,3.530627864571993,3.6207624003841032,0.4259555352902878,0.4184797399515548,0.4260752805880701,0.42085618955002213,0.6526526911691147,0.6469001004417566,0.6527444221041419,0.64873429811443,0.9447925370207705,0.9230088718688786,0.9552339135007163,0.9327100907709617
090af0e4-75f2-495a-8bca-a3370c6dd2a6___RS_Erly.B 9562.JPG,Tomato___Early_blight,43.52254901960785,81.7132795078816,67.0108455882353,79.66234525182622,0.920230909119408,0.9122595271190209,0.9151424559899949,0.9136246601563095,1.118933823529412,1.9160630526720492,1.6126838235294116,1.7477277970011538,1.0265046651769758,1.0802904688535446,1.0600013255036989,1.072950967941689,0.8262423653256112,0.8219359034565268,0.8242934577586971,0.8215179936265015,0.9089787485555486,0.9066068075282288,0.9079060842172483,0.9063762980277571,0.9501466636678612,0.9067344599350264,0.923241760920155,0.9090753461677263
0982d864-182e-4d36-959a-dcc67d85d9e6___RS_Erly.B 9481.JPG,Tomato___Early_blight,398.84071691176484,539.0882891195693,471.565042892157,523.9409457900808,0.6686580243401551,0.6604426425545808,0.664945107876648,0.6616128366206283,7.974325980392159,9.348342945021143,8.730882352941178,9.32250672818147,3.843760347895752,3.9098118555694774,3.872213333286612,3.9013996880320225,0.4191615139947677,0.41188681631188745,0.417060910715868,0.4144758888316842,0.6474268406505617,0.6417840885468317,0.6458025322928581,0.6437980186608873,0.9502090381742662,0.9328342770821507,0.9411301904409416,0.9347215046208375
10a46a0b-debe-49f9-8562-c7c81855160e___RS_Erly.B 6339.JPG,Tomato___Early_blight,101.77984068627451,168.4074125336409,136.9281862745098,173.67264898116113,0.5847772724766275,0.5487463489187653,0.5602524315314521,0.5492455579064758,3.933517156862745,5.662376009227219,4.906893382352941,5.742591311034218,4.568946782110658,4.7574401175079215,4.676610902127116,4.765837061679747,0.24471162284900944,0.2403676585514605,0.2435776433831039,0.2392692665894184,0.4946833561471514,0.4902730448958626,0.4935358582545993,0.48915157833683665,0.9488017819354845,0.91533349690602,0.9311211425289021,0.9126864093980073
10c1d7a4-bd14-4961-9b96-c7047589eccd___RS_Erly.B 7552.JPG,Tomato___Early_blight,542.9678615196078,769.1918185313341,510.57503063725494,718.9498193002689,0.7995462146414747,0.7890003124922532,0.7998123213738648,0.7907218487692219,5.8574448529411764,7.854179161860824,5.586642156862746,7.409242599000384,2.4274137197933436,2.506619010002129,2.417229081326179,2.489857337456196,0.6116313763317444,0.6001762883911358,0.6120149887419355,0.6047818676784324,0.7820686519300875,0.7747104545513348,0.782313868432572,0.7776772258967293,0.8959890289634079,0.8530933660986845,0.9021942024800652,0.8626889998660859
10e7dcfd-2cbc-4623-ba9f-94f0e2e4fe13___RS_Erly.B 7648.JPG,Tomato___Early_blight,139.91485906862746,182.69754709727033,124.57043504901962,193.14008458285278,0.7823442447501977,0.7651051847665625,0.7792785651571169,0.759994332031799,2.768719362745098,3.5017916186082285,2.6587316176470592,3.7431449442522107,2.706559149179989,2.7869871699023387,2.70655725484536,2.8173191651380973,0.5197687161807509,0.5143308043619107,0.5202072741938574,0.5139263999990542,0.7209498707821168,0.7171686024652157,0.7212539595689283,0.7168866019106886,0.9268653286899883,0.9047638643704383,0.9348859879293694,0.8993204036776451
10fedb70-9786-4623-a32b-97a622037511___RS_Erly.B 7796.JPG,Tomato___Early_blight,440.98094362745115,510.28895040369093,443.6938878676472,572.4088119953863,0.6287954104731218,0.6231184417483441,0.6283023680389641,0.6192338923714686,8.975827205882357,9.811441753171858,9.078507965686278,10.68470588235294,4.3676128840363475,4.412767215289454,4.366666026685929,4.444663099534582,0.3649805436066508,0.36166198792910936,0.36579488716873476,0.3599616634598143,0.604136196239433,0.6013833951225369,0.6048097942070174,0.599968052032618,0.9306412405266504,0.9198684932056657,0.9301961005161934,0.9101137099455928
113562f3-fe24-4b28-9ec8-7ca432bded47___RS_Erly.B 9402.JPG,Tomato___Early_blight,109.37536764705885,134.27195693963859,115.41654411764708,147.10459054209917,0.8740734678472664,0.8705418164480949,0.8732526034614428,0.8691805373311984,2.4645833333333345,2.8017531718569773,2.5827818627450982,3.0259438677431754,1.5690360389750724,1.5935508292610532,1.5765089213873138,1.6060812288847368,0.7431983422701386,0.7402532433847864,0.7429339538597689,0.7390892097367097,0.8620895210302342,0.8603797088406876,0.8619361657685382,0.8597029776246617,0.9377315461480055,0.9238141160766647,0.9342922459987758,0.9165328821068104
11922494-321b-4742-afbe-f6db6a8b4005___RS_Erly.B 9392.JPG,Tomato___Early_blight,448.6859987745097,552.2825990003844,492.6708946078429,579.5877585544023,0.6847299766955959,0.6755398995926136,0.6816234807898086,0.6745135902228726,8.11443014705882,9.261330257593233,8.645312499999996,9.63121876201461,3.762789967816094,3.830829865279251,3.7906720704158925,3.8449108185604843,0.4388598680917868,0.43102903307677015,0.4371764199250658,0.43028208019244374,0.6624649938614016,0.6565280139314469,0.661193178976512,0.6559589012982778,0.8888488546457456,0.8635212822181039,0.8779526564948876,0.8567736983334997
11f247d4-f87a-4273-bb9a-317e17916a75___RS_Erly.B 9470.JPG,Tomato___Early_blight,291.7750612745097,366.6255440215301,311.2354166666667,364.5558477508649,0.7760780534325161,0.7692632873501225,0.7746029475061149,0.7691110407548628,5.660906862745097,6.570980392156863,5.934865196078433,6.581837754709723,2.691131576567142,2.7439938481598514,2.706391549440073,2.743475611493256,0.5798286183968452,0.5720607851858355,0.5788255670848882,0.5723630726123287,0.7614647847384968,0.7563470005135443,0.7608058668838511,0.7565468079453701,0.89782518444279,0.871991025687298,0.891010488854394,0.872713669543044
121b3f84-70ed-4d1c-882c-d3204e2af046___RS_Erly.B 8421.JPG,Tomato___Early_blight,277.0735600490197,365.5104344482891,332.07889093137265,368.15372549019605,0.7604431999222173,0.7505907439596599,0.7538846491929839,0.7495882136562114,5.475398284313727,6.687427912341407,6.311611519607846,6.688596693579392,2.9271114816172616,2.9912368636537483,2.965255295362538,2.998017724680042,0.5459986025037699,0.54128956948951,0.5445491272465449,0.5397972393133625,0.7389171824391214,0.7357238405064158,0.7379357202673854,0.7347089487091896,0.9317303823665798,0.9101671445690889,0.9181586417777359,0.90951749312374
121e9cbe-77d2-43ca-8e04-17a556a1c2b2___RS_Erly.B 7512.JPG,Tomato___Early_blight,211.9869485294118,342.882952710496,257.86093750000003,303.520738177624,0.7355979016739284,0.7175278701911973,0.7270937492117115,0.7210361181584879,4.513756127450981,6.522568242983468,5.41311274509804,6.0200538254517495,3.087999798639379,3.2104867937288235,3.1452675135760626,3.1862883169457397,0.49506051280231766,0.48488228320193294,0.49277391468181564,0.48818525734859913,0.7036053672352973,0.6963348929946948,0.7019785713836396,0.6987025528424804,0.9264242158090251,0.8812920029834491,0.910502411490912,0.8949194219274238
12c1c25b-6809-45d8-9a20-969de7860b5d___RS_Erly.B 6372.JPG,Tomato___Early_blight,131.9553462009804,178.89702422145325,137.69313725490193,199.9440369088812,0.5768329153482643,0.5508716819999727,0.5645674967540776,0.5474532911275766,4.451210171568627,5.753341022683582,4.774754901960783,6.0517800845828535,4.7959615458532605,4.95372986776009,4.847915069534511,4.977670869659083,0.24310212049883903,0.2396843958368716,0.24340412590147115,0.2376102472639024,0.4930538718018945,0.4895757304410336,0.49336003679004153,0.4874528154230955,0.9541766229508193,0.9379239005078565,0.9521960918731814,0.9306207245087973
13c87a78-0a62-4aff-b6f3-fcbf1a8323e6___RS_Erly.B 9612.JPG,Tomato___Early_blight,188.40208333333328,282.75940023068046,189.91593137254898,241.46968089196454,0.8536858952829117,0.8339710964110116,0.8433567066321179,0.837035256410536,3.0363357843137253,4.475109573241061,3.3560661764705877,4.019161860822759,1.8654769802285478,1.9704315739743676,1.9042389090430012,1.9477837011863268,0.6805162160390155,0.6705110761971447,0.6823058071818452,0.67388953841874,0.8249340676920887,0.8188474071505293,0.8260180428912223,0.8209077526852454,0.8681929212539181,0.802833838584851,0.8671338252811762,0.8316248724506815
13e96f82-68c6-4331-9b05-92a6767a400b___RS_Erly.B 9502.JPG,Tomato___Early_blight,222.20579044117653,346.94083813917734,282.31951593137256,296.6881968473663,0.7235259779266241,0.7085236061792064,0.7162868347787923,0.7119434104210277,4.904044117647061,6.4894425221068825,5.61501225490196,5.828619761630142,3.2659386204364815,3.366482470490878,3.309948762443072,3.3304287242394706,0.4747990468519099,0.46647314135973206,0.4714445965512814,0.4696305567269912,0.6890566354458172,0.6829883903550134,0.6866182320265618,0.6852959628707813,0.9496051991485372,0.9214986368760287,0.9359718045439087,0.9328691658202303
141bbdef-ba38-49ed-9d6f-fe8d9de38e6f___RS_Erly.B 9579.JPG,Tomato___Early_blight,170.2067708333333,249.282983467897,184.5479473039216,221.2893502499039,0.7062463851938068,0.6879261591898346,0.7006454724786736,0.6897041211061847,4.414246323529412,5.730011534025375,4.653492647058824,5.490011534025376,3.466955862706843,3.578405424184368,3.4892757869732334,3.566898868573608,0.43781018355038454,0.42692113005955057,0.43378549578005604,0.42925430892592853,0.6616722629447184,0.6533920186683876,0.6586239410923779,0.6551750215979915,0.9267775562234484,0.8930100736724405,0.9206080249958367,0.9050246793786478
150cfe75-133e-4e98-90cb-de96a8120c03___RS_Erly.B 9414.JPG,Tomato___Early_blight,155.250949754902,242.5729796232219,180.8268995098039,225.69116493656284,0.8318228247538094,0.8206864634993862,0.8254330182274596,0.8216538239696506,3.0821691176470596,4.343806228373703,3.6102328431372537,4.121799307958477,2.0563294661422726,2.1295669923689133,2.089288899779894,2.1205238558697714,0.6596944949902837,0.6530675041288503,0.6585734674848988,0.6537388800125817,0.8122157933642288,0.8081259209608675,0.8115253954651689,0.8085412048947053,0.9471504695001709,0.9176809470296845,0.938444069064182,0.92340992393216
15fb19ad-8a5a-4e1b-8ed2-c8d48b006b1d___RS_Erly.B 7674.JPG,Tomato___Early_blight,92.72279411764708,156.6961937716263,96.49926470588235,122.27066512879658,0.7733998783864686,0.7286545200841665,0.7449624615668825,0.7369158904536124,1.8999387254901965,3.1889888504421373,2.284865196078431,2.6593771626297573,3.0410421244273627,3.246196057281322,3.135753444509178,3.1870150638074226,0.4499970938489329,0.4441854019710574,0.4493830048510863,0.4460823148344002,0.6708182271293267,0.666472356494294,0.6703603544744321,0.667893939809608,0.971991171969678,0.9527711583608058,0.97085041131558,0.9631471464526885
164f6427-eeed-42da-bb51-ec07a57840dc___RS_Erly.B 9372.JPG,Tomato___Early_blight,125.38501838235294,192.5982622068435,164.10618872549023,238.65965397923873,0.8252343981496334,0.8121164962696878,0.815042097126677,0.8093654898147734,2.5104779411764704,3.7038677431757008,3.44718137254902,4.35675509419454,2.1845295398491453,2.2740761924503166,2.2542218509555436,2.3054043148207914,0.6377354092654793,0.6324291620012472,0.6359473727474488,0.6312302411118308,0.7985833765271346,0.7952541493140713,0.7974630855076922,0.7944999944064385,0.9594644783527772,0.9379267035466216,0.9469463732481964,0.9230813856617052
16ae1b64-2954-4135-bea5-d599ba56740c___RS_Erly.B 7649.JPG,Tomato___Early_blight,121.55845588235294,181.05891580161475,149.33860294117648,212.89128796616689,0.8237305439102394,0.803637285219252,0.8065024314528006,0.8008264364245918,2.1404718137254903,3.308173779315648,2.9865502450980395,3.724567474048443,2.2208483412231375,2.3441548541762742,2.3185702185166477,2.368184524283015,0.612990728640089,0.6078053903202583,0.6118771484328072,0.607180531073652,0.7829372443817505,0.7796187467732277,0.7822257656411014,0.779217897043986,0.9651074249180044,0.9481800833863476,0.9571333118873407,0.9390695081690008
16c7ab4c-6940-41e9-854f-d1a9a99325ce___RS_Erly.B 8216.JPG,Tomato___Early_blight,360.630912990196,463.0991772395232,390.35128676470583,409.27876970396,0.676690253808656,0.667382764516873,0.6756879820839987,0.6718265594667167,7.768811274509803,9.058669742406767,8.028216911764703,8.359400230680508,3.7893948074033608,3.8664170150441475,3.7997211071035384,3.8317722735970503,0.43156467800001025,0.4224112927317311,0.43015727804697995,0.4266591786999382,0.6569358248718137,0.6499317600577241,0.6558637648528693,0.6531915329365027,0.8877723914892617,0.8562247101836995,0.878523471464347,0.8729339704712744
16ce3799-ff03-4724-8c99-48a4243a6ff9___RS_Erly.B 9565.JPG,Tomato___Early_blight,77.31850490196082,105.48921184159936,85.56571691176471,107.27200307574012,0.9113671669514085,0.9078949838014476,0.910031571506043,0.9082330735446201,1.7968443627450987,2.25510188389081,1.9307291666666666,2.1826374471357175,1.1205529119727184,1.1457946573406148,1.1280999535522205,1.145738190448697,0.8179354005408085,0.8148678409998457,0.8171043332051149,0.8139243103641712,0.904397810999567,0.9027003051953875,0.9039382352822094,0.9021775381620689,0.9305842788189075,0.9056294171549202,0.9231800206776023,0.9040345332334289
16d79bd2-5c70-4e6b-a52a-0c578b501d04___RS_Erly.B 6446.JPG,Tomato___Early_blight,125.60946691176476,187.1489119569396,108.30159313725493,140.40353710111492,0.7627876450704667,0.7529004556117693,0.7682371688016372,0.754774783747497,3.0108762254901973,3.8815224913494806,2.6687193627450982,3.4811226451364856,2.7951861530065885,2.867047571571358,2.7640717387374654,2.8496083750050185,0.5276380313226516,0.5215133049261951,0.5280867896690504,0.5257175259094299,0.7263869707825518,0.7221587809659279,0.7266958027049905,0.7250638081641021,0.9500016020061776,0.9257011750622927,0.9568909391133295,0.94425926544467
16dcb9cd-05ab-46d3-b76e-d19c16077a6a___RS_Erly.B 8345.JPG,Tomato___Early_blight,208.46924019607852,315.6898423683199,287.3841605392157,332.46474432910424,0.894234104728714,0.8882721714976652,0.8905308917895058,0.8875307795657544,3.1591911764705896,4.1015609381007305,3.8659926470588233,4.2886889657823914,1.3371480438316543,1.378356349993823,1.3620913140472903,1.3826802098393343,0.7873325789941829,0.7799075020535239,0.7829622948458452,0.7787672945711445,0.8873176314004939,0.88312371842994,0.88485156656122,0.8824779286594903,0.914500616023676,0.8709767048172625,0.8821352796818122,0.864120756868128
171b6622-c111-4fe9-b3f9-12b12ee0db06___RS_Erly.B 7836.JPG,Tomato___Early_blight,339.71688112745096,432.0257131872356,310.94705882352935,445.8356632064589,0.8891911739081473,0.8841912126869295,0.8887111303091477,0.8827937180880356,3.876348039215686,4.74079200307574,3.7727634803921566,4.87034217608612,1.3498764333257336,1.3830789798726226,1.3470416371013616,1.387656935994427,0.7755275483738225,0.7699199411813482,0.7775517318121337,0.7688412117245295,0.8806404194526972,0.8774508198077817,0.88178893835891,0.8768359092353195,0.8866255253624852,0.8563153082849975,0.8962269425140161,0.8517223446012555
1742dfdd-c687-46ff-b958-34194feb68e4___RS_Erly.B 7453.JPG,Tomato___Early_blight,320.6091299019608,371.7851595540177,274.20431985294124,399.3502499038832,0.638014835712764,0.630968677694445,0.6403269202567119,0.6295125948323128,7.274325980392156,7.970134563629373,6.75061274509804,8.338977316416766,4.194469603858259,4.243498389023405,4.171784763707869,4.263854076946084,0.37233202085454664,0.36755357104689146,0.3732680002554982,0.3668446956121481,0.6101901513909797,0.6062619656937844,0.61095662714754,0.6056770555437511,0.927136928752291,0.915670043921581,0.9376830943648297,0.9094176080758621
17a09abf-ee69-4d46-ac80-f8608d799b19___RS_Erly.B 7451.JPG,Tomato___Early_blight,110.92990196078435,153.58658977316415,113.57417279411766,167.96844290657438,0.8501902728010113,0.8412108506447041,0.8475401318800995,0.8409146144520956,2.6969975490196085,3.4670665128796614,2.814705882352942,3.6308496732026136,1.8182800608490968,1.87308285140373,1.8281710469913808,1.879019104286667,0.6960894031517328,0.6883809777713923,0.6943013082032754,0.6879979821442109,0.8343197247768585,0.8296872770938412,0.8332474471627713,0.8294564377616289,0.8997175945769262,0.86161140462053,0.8973271314549947,0.8486526921637592
17d051ce-efe1-486e-b5ed-b71b1317a9f0___RS_Erly.B 9614.JPG,Tomato___Early_blight,114.73501838235299,179.80665897731643,138.955330882353,161.23727797001158,0.7697487711516319,0.7517174305614762,0.7604922632277586,0.7556098235804912,3.1926470588235305,4.470003844675125,3.7838848039215693,4.095040369088814,2.81901657739037,2.9245983502941897,2.8672197461436015,2.8980519341627247,0.5353344192710217,0.5294606518269007,0.5349705794589976,0.5309624638203657,0.7316655105107945,0.7276404687941022,0.7314168301720966,0.7286717119666206,0.9422496640518024,0.9097451099894759,0.9300586939071508,0.919066107609421
1829d517-53ae-48a9-b721-5043dd10d0d2___RS_Erly.B 9518.JPG,Tomato___Early_blight,126.01121323529415,197.51993848519797,141.42015931372552,172.22120722798925,0.7539715365201252,0.7244495307151547,0.736226682736954,0.7297784351876059,2.7733455882352946,4.129088811995386,3.2790134803921576,3.7723337178008465,3.0689383510100297,3.2187975833735782,3.139404788174095,3.188686560016989,0.4739166350109859,0.4682490817346001,0.47360568189199304,0.4694737291028012,0.6884160333773364,0.6842872801204185,0.6881901495168272,0.6851815300362388,0.9709355724020036,0.9545472749707915,0.9673815061712329,0.9603689468700458
1863e110-8422-400b-89a6-f0ef457659cc___RS_Erly.B 6462.JPG,Tomato___Early_blight,179.21361825980395,229.23966166858906,202.0749080882353,274.86128412149174,0.626423292990791,0.6153589111457949,0.6239822101915817,0.6134755110955891,5.578170955882355,6.626635909265668,5.896813725490197,7.03041906958862,4.127802156566273,4.200768156460799,4.146089177928579,4.2212965330462,0.34513889874462345,0.34170409553241665,0.3441665174226859,0.33813762754425186,0.5874852327885557,0.5845546129596589,0.5866570696946265,0.5814960253899005,0.9333118616584266,0.9147616693442914,0.9248099329215722,0.8977964031598836
1873e09f-31fd-4612-920a-861fac1af687___RS_Erly.B 7797.JPG,Tomato___Early_blight,289.5258272058824,438.2284967320261,345.525643382353,405.72675124951934,0.6806168415819341,0.664986759188422,0.6712365625929185,0.6656495131499509,6.36357230392157,8.390649750096117,7.26498161764706,7.963091118800461,3.8168104368995657,3.919861859029468,3.8609850973288387,3.906748370453748,0.41981961823389746,0.4138227145653172,0.41824970484421564,0.41366515306788365,0.647934887341234,0.6432905366670003,0.6467222779866297,0.6431680597385754,0.9545562005595957,0.9313625462965924,0.9457665031444029,0.9364531259085331
18815a60-8297-46e0-922f-e6a0fea818ef___RS_Erly.B 7808.JPG,Tomato___Early_blight,387.24338235294135,463.8352633602459,419.2766850490197,503.15896962706654,0.6940106246515569,0.687054860351867,0.690337565243645,0.6853997497071063,7.677236519607845,8.482368319876967,8.0984068627451,9.00075355632449,3.65526653036361,3.7039884954856848,3.677017418289393,3.7233603175276997,0.45441895200032,0.4492891867070906,0.4525618094180649,0.4478469255828467,0.6741060391365145,0.6702903749175357,0.672727143363537,0.6692136621310467,0.9391782085225586,0.927318210390321,0.9341469466709647,0.9211562870280215
18a21f42-8794-4665-8174-b0ccd3758af8___RS_Erly.B 7650.JPG,Tomato___Early_blight,99.05330882352939,175.5522645136486,125.8563419117647,140.96802768166089,0.8956413448220062,0.8902305416177443,0.8959360445782303,0.8894294564414644,1.8865196078431365,2.693856209150327,2.10125612745098,2.5016224529027293,1.3205905425025861,1.3660440184563256,1.3284070131944965,1.3635958870910174,0.7804451280335007,0.7731068549182798,0.7780657646886111,0.774107538977777,0.883428054814596,0.8792649514897541,0.882080361808725,0.8798338132725845,0.9183200651938164,0.855745336893681,0.896218128153476,0.8841638676760034
18d8f15c-4948-4506-ae09-54169f95cf36___RS_Erly.B 7496.JPG,Tomato___Early_blight,111.93783700980394,188.62898885044214,126.9884803921569,160.94729719338716,0.8094155219875276,0.794907058738637,0.8019864026630266,0.7942984511184991,2.3186274509803932,3.424652056901192,2.683088235294119,3.2464436755094193,2.365890457319329,2.461984905895819,2.4041063309496717,2.4549622018785175,0.5962404346576065,0.5913967609240288,0.5961181231142698,0.5922956110247132,0.7721660667612935,0.7690232512245835,0.7720868624152789,0.7696074395590996,0.9676987341952713,0.9457245102351979,0.9633556555239997,0.9536895498686132
18ec9a60-a4e3-4dd7-805f-fe9eaf526c2f___RS_Erly.B 8405.JPG,Tomato___Early_blight,176.31804534313738,292.47710880430606,235.34175857843152,263.8977623990773,0.8458989723961287,0.8373930920092989,0.8410099716033245,0.8386930518675518,3.251164215686277,4.546989619377163,3.9831801470588255,4.269957708573626,1.9361644506542173,1.9986278118390302,1.9693872993546262,1.9896280370578883,0.6917715605457491,0.6849347022800951,0.6892507203603337,0.6858768404959439,0.8317280568465567,0.8276078191269673,0.8302112504419183,0.8281768171688603,0.938054495463997,0.8975786838916167,0.9173177995187062,0.9075867637865102
1941f5d9-f31f-453e-b07c-3f90da6aa381___RS_Erly.B 8238.JPG,Tomato___Early_blight,561.2373161764706,736.5645213379472,584.6287071078432,674.4468435217223,0.5509618921537658,0.5398584194243975,0.5510110229922971,0.5423336806871448,10.37674632352941,12.284998077662442,10.617984068627454,11.545067281814685,5.1224349042781405,5.207624309645858,5.124123319615313,5.1760628181443415,0.2671043688734876,0.26178458484825506,0.26848266308237057,0.26415040735670653,0.5168214090703747,0.511648888250776,0.518153127060303,0.513955647266091,0.9273238948505028,0.904723421318038,0.9243144136557457,0.9127585080572794
19427ace-5a24-4e30-8a4d-228ab4a3b99b___RS_Erly.B 7403.JPG,Tomato___Early_blight,86.45612745098042,115.83323337178011,77.38805147058827,111.96232218377548,0.7903569653277457,0.7780850261841278,0.7904764430691362,0.7783958290639408,2.5658700980392166,3.2298039215686276,2.5183823529411775,3.1979392541330256,2.5119342909472135,2.5830179188494076,2.507842211781976,2.577716489812439,0.564953696468343,0.5591981625970905,0.5659901094418314,0.5613838374351334,0.7516340176364712,0.7477955352882836,0.752323141636512,0.7492555221252183,0.9219527117973011,0.895734780831793,0.9301388145103437,0.8992191125011212
197fa869-c124-436e-b3cd-bced95f52a8e___RS_Erly.B 7834.JPG,Tomato___Early_blight,384.5612132352941,530.0434294502115,438.3528492647059,540.6106574394465,0.8565871598347928,0.8487721936360914,0.8537651291974925,0.8486562200041087,5.149662990196077,6.472648981161092,5.658915441176471,6.485198000768937,1.74245707765872,1.7924195401844651,1.7582818109187839,1.7935494569996244,0.720605709746176,0.7106027725118589,0.7177740933756698,0.7097995108792781,0.8488849802807068,0.842972581115103,0.8472154940602006,0.8424960005123336,0.8773538806533399,0.8315156441615205,0.8601983923064724,0.8281566503473509
203d84bc-4acc-4cad-b4f9-f659ae641876___RS_Erly.B 7615.JPG,Tomato___Early_blight,95.50575980392158,176.05219530949634,137.29583333333335,156.35786236063055,0.8518646999292114,0.8265103925094788,0.8318983326478674,0.828031588263814,2.1324448529411764,3.648996539792388,3.0848958333333334,3.33687043444829,1.9375918005508854,2.0741926877369408,2.035752630790598,2.0569593868791416,0.6629966073511019,0.6518565236420911,0.6576348458084403,0.6534714238941316,0.8142460361285782,0.8073763209570188,0.8109468822360933,0.8083757937334168,0.9255872258424166,0.8632719410857963,0.8930267257222422,0.8785672227548188
20459a26-c07a-4592-baf8-6d4172c23cec___RS_Erly.B 8358.JPG,Tomato___Early_blight,397.35579044117645,437.6176701268745,364.3846354166667,519.7574317570164,0.7490267166837381,0.7461736999605236,0.7494928414913816,0.7427415902037687,6.652879901960784,7.1395155709342575,6.461534926470588,8.029419454056132,3.035281730121941,3.0558473954487377,3.024908852273326,3.0865189051739668,0.5393379612108324,0.537944044530237,0.5412518020741347,0.535082819623541,0.734396324344582,0.7334466882672775,0.7356981732165269,0.7314935540546759,0.9295799588691899,0.922581696276886,0.9353616362999451,0.9080504708540574
20a276c8-90b5-475f-811b-1d63f34f1c10___RS_Erly.B 9551.JPG,Tomato___Early_blight,146.0101102941177,185.58622068435216,140.23241421568633,202.33282583621684,0.7420904778254317,0.7221945798762803,0.7356841312744061,0.726461889476222,3.2943321078431387,4.2367089580930415,3.296813725490197,4.1135870818915805,3.2259979302136803,3.3324152524513693,3.2340029769647365,3.3021351433035027,0.4724202689845856,0.46809121621072314,0.4720591000766308,0.46788473826572174,0.6873283560166753,0.6841719200688692,0.6870655718900713,0.6840210071815936,0.9606761771881753,0.950140095418552,0.9622322413291523,0.9456409244571732
2165f0a3-1265-491d-ad8a-e53102a87e9b___RS_Erly.B 9376.JPG,Tomato___Early_blight,150.50695465686272,239.24668973471742,202.6648590686275,276.61450211457134,0.8633128601931623,0.8535150620628156,0.8566420440943636,0.850140186846211,2.5380514705882344,3.638046905036525,3.2891237745098048,4.218039215686275,1.7230960624911187,1.7877119492764484,1.7677220566572187,1.8145495741267166,0.7161926030177691,0.7092281670271144,0.7130579440458977,0.7071574331050918,0.8462816333926722,0.8421568541709522,0.8444275836600186,0.8409265325253401,0.9425996839657291,0.9090579008599038,0.9227077115067409,0.8948537030845225
2179421c-3ce3-4581-8b65-17da6fffd3db___RS_Erly.B 7730.JPG,Tomato___Early_blight,583.1419730392158,691.9391618608227,665.4307904411767,734.6592233756248,0.7055224657260881,0.7007839130940249,0.7033668905414349,0.7000792563150541,10.011734068627455,11.013056516724335,10.819148284313728,11.42080738177624,3.538564785356771,3.581881554322492,3.5542326782274682,3.5881149204592093,0.48301996990058665,0.47754688311552,0.48191323262368296,0.47758922852403063,0.6949963812140223,0.6910476706534218,0.694199706585708,0.6910783085324199,0.8877335789078026,0.8671277530386655,0.8718913458792326,0.8589242708878171
21ad39db-c205-4220-a7e6-566042e70007___RS_Erly.B 7633.JPG,Tomato___Early_blight,190.30729166666666,336.2262514417532,258.6582107843137,305.5482660515186,0.6717896978370377,0.6460299781078068,0.6541997486621017,0.6474250830928393,4.201378676470589,6.741314878892734,5.751776960784314,6.377639369473281,3.778657538126037,3.9693901862969376,3.9048093242541757,3.9511138374837778,0.38602024710485433,0.37986297713844724,0.3848256390317499,0.3809070069019382,0.62130527690086,0.6163302500595336,0.620343162315625,0.6171766415718746,0.9601235235785135,0.9296736363855784,0.9458014564064591,0.9360903606784026
21d6c7aa-20d7-4434-9248-e21d073e165a___RS_Erly.B 7495.JPG,Tomato___Early_blight,184.07647058823534,268.7769011918493,200.39999999999998,263.16296808919645,0.6453081943075968,0.6296652643613252,0.6424198214279181,0.629742858923609,4.82107843137255,6.119584775086505,5.002205882352941,6.126505190311418,4.0614729794437805,4.165013534415606,4.073988185778335,4.167856104686955,0.351751178769321,0.34602163276449577,0.35067792107077184,0.3464913960723412,0.5930861478481191,0.5882360349081784,0.5921806490174868,0.5886351977858113,0.9497318295189678,0.9267226132274164,0.9452741497476178,0.928253155269736
21f9a0a5-b145-40e7-8884-df2bb52eb592___RS_Erly.B 7391.JPG,Tomato___Early_blight,247.3161151960785,374.33242599000386,261.0244485294117,314.27936947327953,0.7049681625590873,0.6924386067999748,0.7030343362349953,0.6953926813341772,4.961305147058825,6.439769319492502,5.127573529411764,5.8346482122260666,3.4976115588782752,3.5902447584557726,3.5115531699660734,3.5613176415844636,0.450328961540671,0.44297002865103313,0.4484188488436312,0.4452866611945454,0.6710655419112733,0.6655599361823344,0.6696408357049555,0.6672980302642482,0.9488823206947719,0.9228052120390335,0.9460489501859922,0.9351893461464542
21ffaf6b-7ad0-45bf-bd7e-7d697413ebbd___RS_Erly.B 9500.JPG,Tomato___Early_blight,265.1816176470589,361.6375855440216,289.347549019608,347.60547481737797,0.7290721783522752,0.7149190350155651,0.7217834351719954,0.7166909841756186,5.17827818627451,6.52487504805844,5.631341911764707,6.257993079584775,3.2571758186839395,3.345816447663373,3.288565933159375,3.332313316172522,0.4865548652082808,0.4803669776552092,0.4846094370676621,0.47983573679481223,0.6975348487411083,0.6930851157363064,0.6961389495407235,0.6927017661265288,0.9445681817326613,0.9245906638517545,0.939516694649997,0.9275166654537812
22247648-1650-43d5-8a9b-e03f63cf2f1c___RS_Erly.B 7535.JPG,Tomato___Early_blight,91.92628676470589,128.34488273740868,97.96752450980392,133.18225297962323,0.8800313884884233,0.8669699593932639,0.8721013696898575,0.8640206352962359,1.6059742647058823,2.2433525567089583,1.8411764705882354,2.3507881584006154,1.6200309346297932,1.6901904541678954,1.6549073503701854,1.7057571935365954,0.7065496602071244,0.702265711011395,0.7065441087299656,0.7015682948075012,0.8405650838615202,0.8380129539639557,0.8405617816258159,0.8375967375816964,0.9218528266284844,0.8912523524507409,0.9167171285593008,0.8871536098834825
2245fdf5-3ff5-4624-9797-0b65bcc6cf73___RS_Erly.B 6358.JPG,Tomato___Early_blight,127.85303308823529,220.9819607843137,117.83357843137253,142.73500961168784,0.6186290090895039,0.5621176260627777,0.6024989471413214,0.5858181244252479,2.9125306372549016,4.788650519031142,3.133578431372549,3.492164552095348,4.640147987510432,4.933492472597541,4.715933519209801,4.777298577680564,0.21485307563684947,0.20922194104801917,0.2150332926713885,0.21224847060715574,0.4635224650832465,0.457407849788369,0.4637168237959331,0.4607043201524767,0.9605929244136361,0.9318978669520076,0.9636811374771826,0.9560119813369325
22742bf8-7e7f-41cc-bf74-5fe80d6cf0cd___RS_Erly.B 6370.JPG,Tomato___Early_blight,179.2196537990196,264.2818146866589,175.23189338235295,219.82143790849682,0.6325041539506993,0.6146485736250217,0.6339033520348316,0.6178688222560833,4.543520220588236,6.055440215301804,4.568995098039215,5.427989234909651,4.157966761264585,4.296338682744285,4.163428291705294,4.249174569208205,0.32437070958754577,0.3182037157506477,0.32501656514321403,0.3208483072121583,0.5695355209181827,0.5640954846040231,0.5701022409561411,0.5664347334090295,0.9362556826515632,0.9061389821366304,0.9376784899016554,0.9219293089282596
22b653c4-9e15-4081-8ece-9b5950a94120___RS_Erly.B 7814.JPG,Tomato___Early_blight,272.7322916666667,369.9256286043828,326.7522671568628,391.7482814302191,0.8012415909327888,0.796427032258039,0.7989357661465413,0.7954865401673682,5.10591299019608,5.927627835447902,5.559895833333335,6.192787389465589,2.4060321835210523,2.4474885326685563,2.4248527759796703,2.452079732516502,0.6245133745134087,0.618415989118431,0.6219255330497514,0.6184158390563711,0.7902615861304463,0.7863942962143298,0.7886225542360245,0.7863942008028614,0.9499922623040755,0.9323727761333338,0.9400872497800885,0.9283833109168115
22b8de0e-636d-4407-a270-ef3614c33227___RS_Erly.B 8257.JPG,Tomato___Early_blight,481.30435049019616,613.5632449058053,510.3763480392157,658.6573164167628,0.6893735063282639,0.6818892324012008,0.6897003122613234,0.6814563853469934,7.863602941176472,9.11815455594002,7.968014705882353,9.434279123414068,3.7155858916087405,3.775694425608978,3.7184515398569635,3.786772414564112,0.4454599991636705,0.43950991658636557,0.44425495234236073,0.4382874811258376,0.6674278981011136,0.6629554408754524,0.6665245324384997,0.6620328399149378,0.9296354236257418,0.9105076856120904,0.9253852256173366,0.9039304128399754
22faea13-4b3e-4d87-b80c-379755a7b747___RS_Erly.B 7852.JPG,Tomato___Early_blight,437.15625000000017,548.4663437139562,501.35134803921585,515.6638523644754,0.7153533952597125,0.707955107856837,0.7121883704782936,0.7091888532945224,8.052267156862747,9.447443291041909,8.857506127450984,8.98180699730873,3.4128376539776557,3.470559496127292,3.438330505381728,3.460692982866708,0.4886820684108128,0.48386092416175075,0.48763233728933153,0.4836047419729289,0.6990579864437662,0.6956011243246741,0.6983067644590961,0.6954169554827728,0.9072760029628487,0.8839592908543018,0.8936597591589733,0.8908994147134326
2312305e-c167-4730-a07a-db5c9956077a___RS_Erly.B 7752.JPG,Tomato___Early_blight,229.73820465686276,366.90885044213763,317.88348651960797,381.2431833910034,0.740720787008367,0.7182052761197155,0.7237991970167119,0.7168609347184944,4.769761029411765,6.851395617070358,6.3169117647058854,7.0798615916955,3.2823108752747188,3.404325271507653,3.3674611233253278,3.4201284426670213,0.4883957073441931,0.4830538603657158,0.487702121991279,0.48185737819171964,0.6988531371784726,0.6950207625429011,0.6983567297529816,0.6941594760512311,0.9465843911143356,0.9149152420315118,0.9260814077212823,0.9115911650894474
239213d8-587b-48a8-bfdf-03157ba8e95d___RS_Erly.B 6385.JPG,Tomato___Early_blight,124.26988357843136,202.41485582468283,144.02503063725493,167.42296039984618,0.6016697308139263,0.5758174136788451,0.5923402960211416,0.5810582728505088,4.296354166666666,5.917539407920032,4.747579656862746,5.4104728950403675,4.416537245679427,4.57295568601287,4.460872539961923,4.539722062789406,0.27608561725902425,0.2705010738335785,0.27579445422039445,0.272523137390892,0.5254384999778987,0.5200971772982224,0.5251613601745605,0.5220374865762918,0.9410590820316561,0.9040869184902937,0.9316892615351895,0.9206676210498347
23e8ae15-6cfc-4518-9266-3a289a7bced7___RS_Erly.B 6479.JPG,Tomato___Early_blight,132.46004901960788,178.99804690503652,144.24917279411764,212.95111111111115,0.7188103656349195,0.7072775663873672,0.7174668850428636,0.7058531635295541,3.59889705882353,4.531334102268358,3.82328431372549,4.9033756247597085,3.1975508435227384,3.2795139090516545,3.2166851458751995,3.3000728493026297,0.4613817208365999,0.4574366436710455,0.45994606824711326,0.4537640706905825,0.6792508526579851,0.6763406269558597,0.6781932381313701,0.6736201234305449,0.9415021470005773,0.9211313645859437,0.9362957588506586,0.9061712469290196
240300f1-a601-4363-84e8-670af8a124a1___RS_Erly.B 7762.JPG,Tomato___Early_blight,453.84319852941195,505.68292195309493,472.01626838235313,530.401783929258,0.680016784195309,0.6761161806436918,0.6793081318207741,0.6763551268326027,9.077726715686278,9.655517108804304,9.321905637254904,9.840461361014995,3.8292724063252495,3.86619683760906,3.829761172273492,3.86675481724152,0.44162005326602166,0.43775426710898885,0.44216972635599905,0.4379781243454552,0.6645449971717654,0.6616300077150287,0.6649584395704735,0.6617991571054281,0.9202195713871395,0.911315768924843,0.9170249541563932,0.9069806941729764
2419fd79-cda0-4ba4-be14-31c92a2e91dd___RS_Erly.B 8255.JPG,Tomato___Early_blight,230.968137254902,358.2883813917724,291.9009191176469,354.168150711265,0.61357250508858,0.5860982929955298,0.5992551586113396,0.5883205571113612,5.579197303921569,7.857439446366783,6.767861519607839,7.61934640522876,4.447816310462439,4.6228853463520165,4.541958138181163,4.608047295665807,0.30776447640799964,0.3007643251989113,0.30607142089468253,0.30088386541656365,0.5547652444124448,0.5484198439142326,0.5532372193685838,0.548528819130375,0.9456321185769574,0.9157723529213609,0.9312890741273511,0.9167409507148263
24379205-969e-4cd0-9232-176c83364d60___RS_Erly.B 7617.JPG,Tomato___Early_blight,80.76997549019606,148.27823144944256,124.90591299019603,150.51946174548254,0.8502003684494013,0.833030680846024,0.8376564098671035,0.8342268840079033,1.7282781862745098,2.8584698193002693,2.484129901960783,2.814794309880816,1.9003617507442723,2.007469531304287,1.972658870424379,2.0005969614439483,0.6671638535114949,0.6607738067797247,0.6636600395534088,0.6601997832141281,0.8168009877023258,0.8128799461050351,0.8146533247666818,0.812526789228594,0.9691600164064014,0.9435600991801123,0.9523078187905524,0.9427070082416346
243a77c6-b401-43c4-9230-68b4b11f3b83___RS_Erly.B 7754.JPG,Tomato___Early_blight,381.39782475490205,464.1007612456749,423.5953737745099,490.397662437524,0.7640921992887195,0.7577925699517816,0.7634338656408395,0.758386014981289,6.817187500000002,7.58173010380623,7.194975490196079,7.7977700884275265,2.8900398557582,2.935600143158794,2.9014881239707977,2.938921910032316,0.5623009446674659,0.5555457861488523,0.5606024282558842,0.5554999922692614,0.7498672847027439,0.7453494389538724,0.7487338834698776,0.7453187185823669,0.923907385508926,0.9076745748544146,0.9154885597537434,0.9024432268686188
24455ffa-8700-475c-8b4e-a7775f40ad3f___RS_Erly.B 8365.JPG,Tomato___Early_blight,326.1495863970589,380.24544405997693,372.20016850490197,474.49953094963473,0.7296429626444827,0.721722010832053,0.7245204538717345,0.719278402387406,6.277650122549021,7.102006920415224,6.977282475490195,7.866482122260669,3.290471532865279,3.337157668410621,3.317576757526691,3.363487629644782,0.4995158688355666,0.49602577649947127,0.49916807474607855,0.4931706881731966,0.7067643658501513,0.7042909743135086,0.70651827630011,0.7022611253466879,0.93696964694994,0.9265703257853769,0.9279348349370606,0.9083688009497167
248a61d1-ed39-452b-b985-77120c1edc7a___RS_Erly.B 7669.JPG,Tomato___Early_blight,52.864828431372565,75.32653594771242,61.921354166666696,86.73968473663975,0.764195695721153,0.730995352469041,0.7380683304233918,0.7306968909258232,1.9680453431372558,2.919123414071511,2.601348039215687,3.0720184544406,2.860200766811981,3.003097048060227,2.961637158302433,3.0155743899726093,0.4785096824613732,0.4751841712315718,0.47874761690684653,0.4737637334352668,0.6917439428440073,0.6893360365101855,0.6919159030596468,0.6883049712411402,0.9628002159686565,0.9471195829051243,0.9564273436559317,0.9391073723244692
248f220e-56ac-43f1-8f17-641ed4637138___RS_Erly.B 7802.JPG,Tomato___Early_blight,445.82892156862766,513.5641368704343,479.3546568627451,558.4318339100345,0.7120193443390118,0.7070614569347271,0.7109785729006374,0.7064481827244249,8.520312500000003,9.228050749711647,8.907598039215687,9.737331795463284,3.4425088937749115,3.4867518310812007,3.455520931532548,3.4937687092953746,0.48979432607237927,0.48386015611361693,0.4888940942420357,0.48486572493559293,0.6998530746323683,0.6956005722493455,0.6992096211023099,0.696323003307799,0.8984493427739462,0.8833225844269722,0.8908128699288789,0.8731290242512256
24f5a397-b5ac-451c-b979-28ee2bb056e6___RS_Erly.B 7795.JPG,Tomato___Early_blight,444.7405943627453,608.3021299500192,529.4961703431375,561.0164398308342,0.6991309165395141,0.6905258687845055,0.69444636170506,0.6915033846533107,8.3077818627451,10.102176086120721,9.263357843137257,9.568935024990388,3.637662528277138,3.7121387592288158,3.671136350258857,3.697892442186224,0.46538538174920707,0.4586938967223588,0.4630678526963789,0.4592984058271142,0.6821916019339487,0.677269441745572,0.6804908909723766,0.6777155788582067,0.9200540654331921,0.8909247241318481,0.9048185240470735,0.8994035694957297
250df77c-cb57-4e85-9cf2-531033930030___RS_Erly.B 6477.JPG,Tomato___Early_blight,118.82184436274511,152.33371780084582,133.13854166666667,203.2700346020761,0.7519337495487634,0.7417277223801189,0.7494510848349001,0.7387875741000861,3.339675245098039,4.147081891580161,3.551746323529412,4.642491349480969,2.8782417193750427,2.9468214229735485,2.8944745996081704,2.972884346825905,0.5175362719191536,0.5144034406664342,0.5163901465510186,0.5097168477329794,0.7193999387817277,0.7172192417011929,0.7186029129853417,0.7139445690899116,0.9564093084576749,0.9442569973974441,0.9511571198603084,0.925618029734831
250f6c43-1800-4c21-9d73-cc51fe144bbc___RS_Erly.B 6356.JPG,Tomato___Early_blight,148.336243872549,233.94645136485963,140.93912377450988,178.11066512879657,0.6044846862278724,0.5730179250406231,0.5938185036882176,0.5802886528928741,4.081066176470588,5.779930795847751,4.21357230392157,4.875632449058054,4.606279545552791,4.787835538104004,4.638115508996049,4.715106301171324,0.2647582045705075,0.259859331422673,0.26521515514428057,0.2617673630687393,0.5145466009707066,0.509763995808524,0.5149904417989528,0.5116320582887074,0.9613896991129923,0.9391617457245518,0.963315088520372,0.953681956400461
25281e43-2651-423f-8e7e-d354185ccd28___RS_Erly.B 7809.JPG,Tomato___Early_blight,327.9173100490197,467.6947943098808,410.4457414215686,428.5115263360247,0.7532433236643006,0.7471069416672647,0.7501500437840485,0.7474114476046751,6.431433823529413,7.8500576701268745,7.252573529411764,7.4523952326028455,2.97795634735154,3.029814676614157,2.9987833918641966,3.023272760603102,0.5469693396779864,0.5418989421895968,0.5455198755671272,0.5417406932920399,0.7395737554010327,0.7361378554249175,0.7385931732470368,0.7360303616645443,0.9390962954791721,0.9133723265883668,0.9237683849210809,0.9206299556715563
25430871-a740-4dd8-a836-bf2d52eb233b___RS_Erly.B 6420.JPG,Tomato___Early_blight,74.94473039215688,90.48719723183393,61.36617647058825,106.71926182237601,0.9117236827000768,0.9068374968867611,0.9107840230522988,0.9044771891356491,1.4198529411764707,1.721399461745483,1.3088235294117647,1.9422991157247214,1.140545534871671,1.169055258858664,1.1379831418961213,1.182573081590515,0.8036494197647468,0.8010477113096865,0.8046929413041259,0.799946550708545,0.8964649573545788,0.8950126877925735,0.8970467888043109,0.8943973114385715,0.9329095643600055,0.9192803300870451,0.9450650700665754,0.904800415404779
257ffdcb-bd8b-4d18-98cc-e63a118155ea___RS_Erly.B 9520.JPG,Tomato___Early_blight,140.11841299019605,241.23278738946556,179.88578431372545,211.23650903498654,0.6821449893653455,0.6381516917582778,0.6513156490092071,0.6449399838262184,3.437285539215685,5.316662821991541,4.415594362745097,4.840569011918493,3.891940335228137,4.1045608400013505,4.022684482824744,4.064338310273735,0.3475753001587428,0.34071803678855933,0.3456644339673292,0.34199926169229866,0.5895551714290553,0.5837105762178371,0.5879323379159622,0.5848070294484315,0.960220725361112,0.9316212584970603,0.948930865935884,0.9401238662306423
2586a260-ecf6-40e8-aa11-4b8a50845575___RS_Erly.B 7833.JPG,Tomato___Early_blight,397.75554534313727,470.3013917723954,378.16424632352937,486.2838292964244,0.8544085912181943,0.850557427980103,0.854751573708104,0.8503047137893134,5.507720588235294,6.145082660515188,5.454136029411765,6.316493656286043,1.7722150329137736,1.802292608438064,1.7695104532969759,1.8049220185731558,0.7209164501455645,0.714546836612837,0.7218270283852666,0.71446881120014,0.8490679891184006,0.8453087226645878,0.8496040421191902,0.845262569383112,0.8715150066506371,0.8485847943355858,0.877843486425993,0.8434391917346676
258e6e39-d791-482c-921d-65048753770a___RS_Erly.B 9422.JPG,Tomato___Early_blight,236.11562500000005,322.637723952326,266.6454350490197,300.2126259131103,0.822879357647824,0.818021742528524,0.8208852914754927,0.8187961803652686,4.563480392156864,5.495978469819299,4.996139705882355,5.27440215301807,2.1763350349443353,2.2171771684810686,2.188177241917862,2.2100153280741925,0.6609332791643396,0.6556754893165777,0.6601612309005256,0.6565973193701117,0.8129780311695635,0.809737913967586,0.8125030651637726,0.8103069291139695,0.9412027590226111,0.919908811493443,0.9336002608887155,0.9254755900224233
25b96058-36c9-4213-bb16-088e76cb30b1___RS_Erly.B 9417.JPG,Tomato___Early_blight,167.91859681372551,259.6103960015379,197.51151960784313,252.0569319492503,0.7858729461553653,0.7723158817569906,0.7790994025380342,0.7733308077035611,3.6305453431372556,4.9285659361783924,4.086550245098038,4.784036908881199,2.5674847264162888,2.649201383777469,2.5986844896792776,2.643187293898543,0.5732351719769364,0.5659213839766181,0.5712396812805616,0.5660838657121939,0.7571229569739227,0.7522774647539417,0.7558039966026652,0.7523854502262746,0.9527256229370661,0.9271148536029615,0.9443944978806572,0.929235474894462
002533c1-722b-44e5-9d2e-91f7747b2543___Keller.St_CG 1831.JPG,Tomato___Septoria_leaf_spot,149.51593137254906,245.27510957324114,184.62340686274513,230.96679738562088,0.7569594130143317,0.7434009058838412,0.7496867592439939,0.7421801785216421,3.26170343137255,4.513587081891581,3.870128676470589,4.581284121491733,2.8678933775093802,2.9549617755162805,2.910187697468014,2.9627313834025175,0.5167940329112076,0.5116983648527225,0.5161280573427289,0.5125552953711208,0.7188838799912038,0.7153309477806217,0.7184205295944214,0.7159296720845706,0.9699185572879948,0.9507756080579917,0.9628552062254914,0.9536471508263445
0286577f-36c8-4b0d-bbf5-404993cd089d___Matt.S_CG 1422.JPG,Tomato___Septoria_leaf_spot,301.04954044117665,352.0074740484428,327.12634803921577,385.4818608227603,0.647578753662987,0.6434318080446733,0.6462231634842567,0.6421817355518006,7.648406862745102,8.27426374471357,7.980575980392159,8.64688965782391,3.932146015332786,3.9703091035210694,3.944746440488996,3.983845390869676,0.3932831329146244,0.3890876467380642,0.3926295501110602,0.38818605838910003,0.6271229009648941,0.6237689049143634,0.6266015880214957,0.6230457915667997,0.9177582048406384,0.904017202583561,0.9106344488443825,0.894889654104415
03611d8a-1664-4d1a-8d9b-7dc3e1a302cc___Keller.St_CG 1945.JPG,Tomato___Septoria_leaf_spot,172.16314338235298,228.92924259900042,151.92536764705886,248.83650903498653,0.7458534413517457,0.7269328128746061,0.7494490445123905,0.7300131768563908,2.9098345588235297,3.7874356016916573,2.6868259803921575,3.8051826220684353,2.9681269743138423,3.0615830320942585,2.9452837232837714,3.0512039199370955,0.46263591046243485,0.458985012625641,0.46328790696205335,0.4574503955758297,0.6801734414562471,0.6774843264796914,0.6806525596529064,0.676350793283951,0.9725703449117025,0.9636049991384817,0.9757947005854405,0.9604401567144092
041684a2-1a2c-430f-ab09-b17293f015bc___JR_Sept.L.S 8400.JPG,Tomato___Septoria_leaf_spot,205.36528799019607,287.8594694348327,243.2602634803922,307.8180392156863,0.7278411802715632,0.7150016898948912,0.7207859254715584,0.7136134522891128,4.742064950980392,6.053640907343329,5.365349264705883,6.176547481737794,3.256493609238452,3.343959086188774,3.295477091510218,3.3469480644570906,0.48565646138204055,0.4803447950770419,0.48456487424645867,0.4792372131441474,0.6968905662885964,0.6930691127708996,0.6961069416738054,0.692269610154994,0.9505032480643932,0.9307904316415099,0.9413698729950204,0.9259918262584814
04840559-16ed-4f17-908b-2048ba83ab80___Keller.St_CG 1780.JPG,Tomato___Septoria_leaf_spot,125.87803308823528,178.99309496347558,144.94849877450977,203.9615840061515,0.888009669250207,0.8834310459470329,0.8851921735048629,0.8813882499995628,2.0708639705882357,2.693210303729335,2.400980392156862,3.0033679354094587,1.3754965293456207,1.4081908014254119,1.392856691231145,1.4232444898801018,0.766650907229754,0.7635098457532898,0.7659527528052232,0.7619784971946887,0.8755860364520177,0.873790504499385,0.8751872672778228,0.8729137971155506,0.953250870095996,0.9337499818599341,0.9461683978343536,0.9245084921122716
057115de-0a9b-4e3a-b98f-7ba3ce174b8f___Keller.St_CG 1800.JPG,Tomato___Septoria_leaf_spot,186.09442401960789,252.25390234525187,160.13085171568628,247.675540176855,0.854730562529843,0.8475343681839923,0.8547552334510581,0.8474935510334046,2.4795649509803925,3.1874509803921574,2.3065870098039216,3.179392541330257,1.7460322332214395,1.792166643484116,1.7413351934893817,1.7948475158182158,0.6927020017278515,0.6888453125930778,0.6942833579773631,0.689202338260164,0.8322872110803166,0.8299670551251284,0.8332366758474827,0.830182111503352,0.9622552882636198,0.948998284619021,0.967521365188928,0.949923956420538
06225525-413e-411b-a503-85e8dc6050a8___JR_Sept.L.S 8351.JPG,Tomato___Septoria_leaf_spot,140.2761948529412,169.52067666282204,152.02113970588235,189.75344867358714,0.8101221619592155,0.8075672667940571,0.8101141521224849,0.806247820400118,3.8039522058823527,4.210165321030374,3.950061274509804,4.45370242214533,2.2333755079456767,2.259477285488319,2.2358616166081773,2.2694496445021026,0.6375123485314393,0.634191519453746,0.6374633143746548,0.6328939892251545,0.7984437040464653,0.7963614251417166,0.7984129973733235,0.7955463463715703,0.9340856821295618,0.9205857280948941,0.9285668552949793,0.9111074102313289
0648ab1f-53de-4c70-9854-10f0794cb30c___Matt.S_CG 7480.JPG,Tomato___Septoria_leaf_spot,860.8524509803922,1042.804121491734,931.5069852941178,1077.2438908112267,0.6543682941223148,0.6468269311309642,0.6513931388082835,0.6459450172385075,12.573560049019612,13.887981545559398,13.058976715686276,14.172856593617844,4.126165407408468,4.189270240451399,4.148701834732973,4.198083708464167,0.4110583076051729,0.4023991410159136,0.4077067685008095,0.4014633521162197,0.641138290546722,0.6343493840273778,0.6385191997902722,0.6336113573131559,0.8894443051318717,0.8663715641611415,0.8803704375628801,0.8619583360102673
0650f176-add9-444e-893e-707969054a43___JR_Sept.L.S 2722.JPG,Tomato___Septoria_leaf_spot,324.59427083333344,399.59280276816605,291.9560355392158,390.5798077662439,0.8859111030482063,0.883532419598649,0.8871975978070773,0.8837806081615021,4.066605392156864,4.559261822376008,3.824295343137256,4.629296424452136,1.4472036457963742,1.467366902313707,1.437037464498623,1.465241185216136,0.7756858321750507,0.7721572831317204,0.7774406680085489,0.7731034143700988,0.8807302834438309,0.8787248051191684,0.8817259596998088,0.8792629949964338,0.9222200401976076,0.9045448139813754,0.9300139267862102,0.906697848541892
0663ec0d-8837-4ba8-82a4-89d8a07ca206___Matt.S_CG 0714.JPG,Tomato___Septoria_leaf_spot,126.12570465686278,207.1156324490581,129.34298406862743,153.17868512110724,0.7335674915571847,0.7096934681675127,0.7271219366365214,0.7144821222365755,2.6977634803921573,3.871680123029605,2.84405637254902,3.3329950019223373,3.140221871219572,3.261496431716884,3.1650922081356097,3.2264505163343546,0.44014833373319456,0.4346133366916963,0.44009929546985377,0.437358507692528,0.6634367594075524,0.6592521040479857,0.6633998006254251,0.6613308609860332,0.9749719031127289,0.9589836265548514,0.9743334735313034,0.9696650896000841
06778fed-2b98-49b1-a9d3-d57765586a3f___Matt.S_CG 2795.JPG,Tomato___Septoria_leaf_spot,317.0048406862746,435.191972318339,335.89494485294125,395.00730488273734,0.5431982580224798,0.5336036584322696,0.542560098187842,0.5355080694860221,8.029564950980394,9.558262206843521,8.312683823529413,9.109696270665129,4.9578578614194795,5.037567946509788,4.971709517819666,5.020518566946741,0.2550120175430199,0.25038043493460116,0.2546863753902872,0.2514443666640501,0.5049871459186064,0.5003802903138783,0.5046646167409473,0.5014422864737776,0.950397762352931,0.9319391039787192,0.9474419985418031,0.9382236970915341
0745df82-cfd3-498c-add3-1a4d20f281b2___JR_Sept.L.S 8430.JPG,Tomato___Septoria_leaf_spot,73.56914828431374,107.4236985774702,84.38697916666666,118.64058439061897,0.8185901879225869,0.8109144754858767,0.8172723884996995,0.8095741206753212,2.3990808823529415,2.9554171472510573,2.4201593137254904,3.142729719338715,2.1589886468398443,2.2036901353211253,2.153549851316342,2.2150551010485136,0.6312997939869884,0.6267999527582401,0.630521904088497,0.625995853308719,0.7945437646769298,0.7917069866801986,0.7940540939309468,0.7911989972874833,0.9572480015449032,0.9377620087386846,0.950961617918678,0.9312632896435263
074642ac-c747-436b-bfd8-63969f221783___Matt.S_CG 1003.JPG,Tomato___Septoria_leaf_spot,128.73244485294123,222.85188773548634,171.8886948529412,206.49833141099577,0.8034292955355347,0.7863352520136646,0.7963017703718102,0.7879880509155855,2.3825061274509816,3.45762399077278,2.825582107843138,3.335640138408304,2.457253468601545,2.5442060403968663,2.490591770991303,2.5405673972948066,0.5754045390679446,0.5697513634258614,0.5735431240247516,0.570308651465049,0.7585542426668936,0.7548187619726086,0.75732629957288,0.7551878252892118,0.9698836912893696,0.9480085859663665,0.9597875034225275,0.9518238756927796
0751d5c2-c59a-4c96-b348-2a9d3c8c8333___Matt.S_CG 6845.JPG,Tomato___Septoria_leaf_spot,261.0545343137255,397.56647443291064,286.874080882353,339.80908881199537,0.845317855368747,0.8393728041427747,0.8437742145251473,0.8410065929270784,3.753982843137255,4.981530180699734,4.059528186274511,4.626712802768165,1.8689561498511968,1.91701448033016,1.8818221349369009,1.9093653664398673,0.6962140644664538,0.6899603425234525,0.6948852543755712,0.6916472343689419,0.8343944297911233,0.8306385149530766,0.8335977773336318,0.8316533138086699,0.9443401453398006,0.9155049773109329,0.938835118533122,0.927780186420206
0751ddb1-c3ee-46ee-bee1-46c24c567dc2___Matt.S_CG 6116.JPG,Tomato___Septoria_leaf_spot,285.85226715686275,450.0624375240292,308.7072916666667,377.8492579777008,0.7375009157412583,0.7233315423261067,0.7332408490260618,0.725723358353915,4.274019607843138,5.965890042291426,4.652389705882354,5.4440292195309485,3.006404031486423,3.098214758515222,3.031561195199125,3.0807487341888087,0.4909679462413795,0.4845943787922931,0.49038434384649243,0.48675954195595955,0.7006910490661198,0.6961281338893675,0.7002744775061365,0.6976815476676731,0.9657677051943668,0.9462273633577593,0.9630306972126172,0.9548552619353166
07679a50-9d8d-4612-80f4-464785781d56___JR_Sept.L.S 2727.JPG,Tomato___Septoria_leaf_spot,231.60998774509812,281.1568781237986,229.08339460784316,316.9305344098424,0.916727330897465,0.915370533241925,0.9173357320630635,0.9141996619472048,2.9272977941176483,3.2770780469050376,2.8455269607843148,3.5473433294886583,1.0567652798126494,1.0700527657209338,1.0508728328431787,1.0810502654859584,0.8337483474045074,0.8312743864372997,0.8344199119958,0.8292286580103091,0.9130982134494117,0.9117425000718677,0.9134658789444737,0.9106199306023941,0.9078677014777792,0.8885258443551597,0.9088442797398049,0.8743421681263337
0806cabf-f026-43bd-a508-0e8e5a185341___Matt.S_CG 1266.JPG,Tomato___Septoria_leaf_spot,143.29062500000003,238.06425221068824,185.90661764705877,231.07986159169548,0.6695068263601835,0.6339829710013783,0.650138007745763,0.6353388247634483,3.163051470588236,4.777147251057287,3.9304534313725488,4.676509034986543,3.7877051777322226,3.966506250236411,3.8736302917597185,3.9597302691506604,0.33122945055875447,0.325046690320066,0.3294132482285957,0.3256091714052545,0.5755253691704254,0.5701286611985631,0.5739453355752582,0.5706217410905884,0.9712877206059477,0.9523546343123199,0.9627484160454629,0.953752466376804
08233234-a3af-4040-8814-eb13f89802dd___Keller.St_CG 2009.JPG,Tomato___Septoria_leaf_spot,144.46041666666667,219.4591311034217,162.04607843137254,217.1698577470204,0.7890082221752049,0.7630111764910723,0.769051234316559,0.7629792553317417,2.462530637254902,3.6434909650134557,3.0514093137254905,3.642814302191465,2.6249709807100063,2.747417335867384,2.703249815931536,2.7499160921613823,0.5357887274519565,0.5315149395856827,0.5352340614937764,0.531559591030629,0.7319759063329588,0.7290507112579225,0.7315969255633709,0.7290813336182932,0.9751163215215751,0.9622940097722811,0.9720871460333652,0.9626873373060731
09033832-a345-408c-823e-a4081d7fbbf4___JR_Sept.L.S 8523.JPG,Tomato___Septoria_leaf_spot,154.94405637254908,173.92116878123792,150.8213848039216,198.51863129565544,0.7459456691536485,0.7427006321101579,0.7460135367589292,0.7411414529361673,4.612346813725492,4.9858669742406745,4.590716911764708,5.305682429834677,2.9589546133927978,2.9880646148660475,2.9588388380290227,3.0069768543065525,0.5288449529628035,0.5261289986801575,0.5292014297197898,0.524412249806029,0.7272172666836256,0.7253475020155219,0.7274623218557713,0.7241631375636494,0.9354556645681346,0.9277436467147215,0.9371730269686718,0.9175245172446415
09332ad5-89d0-4ce9-84de-6bca4f10bf16___Keller.St_CG 1953.JPG,Tomato___Septoria_leaf_spot,251.2976409313726,303.4029988465974,228.94822303921575,325.5782545174932,0.7286268473079303,0.7199556689151424,0.7280234859024065,0.7209406980471449,5.116207107843138,5.920615148019992,4.9168504901960794,5.975301806997307,3.1958730130281365,3.2472055889290354,3.187971632072304,3.247899269476467,0.48902004137812843,0.4859094108216444,0.48985594963944906,0.484304298187149,0.6992996792349675,0.6970720269969556,0.6998970993220711,0.6959197498182883,0.9585709696912741,0.9500997652372882,0.9622555037275066,0.9464526342988748
09560c54-eb85-4f41-b645-df4d114c8f95___Matt.S_CG 6342.JPG,Tomato___Septoria_leaf_spot,270.82356004901965,423.10477508650513,282.0931678921569,324.9202614379086,0.6153952589407564,0.5913794880955464,0.607941916233389,0.5963881945495493,5.005545343137256,6.77191849288735,5.163480392156863,5.86737408688966,4.304827559781559,4.434819438415719,4.3189775281538445,4.389588071593004,0.2963684956141043,0.2904599824898033,0.2960290214072186,0.29330472634885507,0.5443973692204108,0.5389433945135642,0.5440854908993793,0.5415761500923532,0.9699422019835148,0.9530792782394379,0.9686914260310359,0.9639675700228619
10361c83-4549-4865-b995-5f27c884e8e2___Matt.S_CG 6096.JPG,Tomato___Septoria_leaf_spot,285.8641850490196,390.0931949250289,245.28719362745102,339.8165321030373,0.8859338840078289,0.877371765750797,0.8889926467876191,0.8786220841649051,2.3053921568627453,3.0420607458669746,1.975704656862745,2.724921184159938,1.4609172611542505,1.505574513387026,1.4381292491509785,1.4959662557400661,0.7336060879717237,0.7297190540827986,0.7347363756437203,0.7311908283582411,0.8565080781707337,0.8542359475477478,0.8571676473384424,0.8550969701491411,0.9592097720734842,0.9445199836466585,0.9649997409301085,0.9516704546413952
10738d0a-42a6-4f9f-aab6-d2676eb89236___Matt.S_CG 1692.JPG,Tomato___Septoria_leaf_spot,360.4304840686275,404.0967935409458,382.675643382353,435.7058977316416,0.6936177701763464,0.6907944310932633,0.692829119943306,0.6891177899733453,7.887530637254904,8.320369088811997,8.152542892156863,8.680845828527488,3.505355501737729,3.5378110175351214,3.5147034474071184,3.551062648494586,0.4616803684843269,0.45705838416330863,0.4605777439819945,0.45572848889486056,0.6794706531442891,0.676060932285921,0.6786587831760483,0.6750766540881565,0.9241017799506627,0.9150998394285503,0.9194174702952558,0.9084588116742979
1096dcdd-94e3-4752-bd19-2fba23b6c206___Matt.S_CG 1567.JPG,Tomato___Septoria_leaf_spot,252.64610906862748,329.75769319492497,280.69669117647067,400.2468281430219,0.7237839477195982,0.7161970404199104,0.7206392957495715,0.7136010713890337,5.034650735294118,6.086151480199923,5.533976715686276,6.754540561322567,3.1880242927710176,3.244321304115859,3.211875744440859,3.2736740314874275,0.48760569395353504,0.4847296833309163,0.48736805870000427,0.48145872845463106,0.6982876870986163,0.6962253107514236,0.6981175106670826,0.6938722709941875,0.9635612180449578,0.9525505798090529,0.9595155232630047,0.942407772978246
1142c61e-5959-43fd-8745-fc95bc0b1b5f___JR_Sept.L.S 8378.JPG,Tomato___Septoria_leaf_spot,281.0120404411765,306.77256439830836,277.04142156862747,363.49868512110714,0.6863366868497347,0.6835647743867267,0.68754322588027,0.680525128261752,6.939062500000001,7.327243367935409,6.856280637254901,7.9989542483660125,3.59418749125452,3.6221313962744692,3.5926183299214984,3.6508364780985687,0.44695890046046,0.4442786219655558,0.4466928168637436,0.441045462270818,0.6685498488971933,0.6665422882049988,0.6683508187050747,0.6641125373540376,0.9080781456761016,0.8998804971520356,0.9093769748971029,0.8813671368833309
115872f2-53a2-4ed9-a394-01882a0d30db___Keller.St_CG 1914.JPG,Tomato___Septoria_leaf_spot,0.0,0.0,0.0,0.0,1.0,1.0,1.0,1.0,0.0,0.0,0.0,0.0,0.0,0.0,0.0,0.0,1.0,1.0,1.0,1.0,1.0,1.0,1.0,1.0,1.0,1.0,1.0,1.0
11971add-1e25-4f5c-8a7e-2fa5ae46cfc6___Matt.S_CG 0740.JPG,Tomato___Septoria_leaf_spot,93.38743872549021,168.55781622452906,133.96017156862746,161.81699346405225,0.7683435415958052,0.7536433347001888,0.7610449778446335,0.7547884949729055,2.670802696078432,3.8294809688581317,3.1880514705882352,3.7763014225297953,2.7423006642165335,2.8352612346517416,2.7783340067881284,2.830465698422812,0.5334417948710009,0.5284409178086508,0.5320952937365586,0.5299619812626412,0.7303709981037041,0.7269394182520651,0.7294486230959372,0.727984877083749,0.9790816018268508,0.9623399551834856,0.9699934782829518,0.9638460240976771
12703385-4e74-4e56-b90a-fede2827fbf2___Matt.S_CG 6039.JPG,Tomato___Septoria_leaf_spot,354.0573835784314,475.7011918492888,331.3197916666667,475.61771626297593,0.7132421960084951,0.7039687822176052,0.7113103389648341,0.7037433173816764,5.48247549019608,6.782068435217225,5.415349264705883,6.730026912725877,3.26759007737395,3.3336223558954363,3.267998576762795,3.330952434175418,0.46919777547153596,0.4646473968179215,0.469700701873791,0.46439638118660487,0.6849801277931615,0.6816504946216364,0.6853471396845477,0.6814663463345823,0.9635046295079953,0.9510739256475342,0.9658483649571162,0.9510825111478708
128693e3-7738-4185-802e-480a37afd497___Matt.S_CG 7673.JPG,Tomato___Septoria_leaf_spot,668.4951286764708,766.714986543637,690.6415134803923,682.4559477124183,0.5882510450740261,0.5838637629794334,0.5875934889437889,0.5850162723762798,12.632659313725494,13.46300653594771,12.779074754901965,12.804951941560935,4.727279576543262,4.772685845581371,4.72941660930929,4.75233126815988,0.32712996046160875,0.3220109983428427,0.32676203861551906,0.3243714171980993,0.5719527606906087,0.567460129297947,0.5716310336357877,0.5695361421350705,0.8959860178081125,0.8808799611044673,0.8925401682038372,0.8939707968896419
131407de-62dc-44bf-81c8-b0c4c173df9e___JR_Sept.L.S 2726.JPG,Tomato___Septoria_leaf_spot,254.84629289215695,332.21693194925024,242.00474877450984,311.19554017685505,0.9232122983800113,0.921536368464808,0.9234815010701654,0.9214627657269454,2.9584558823529425,3.4243752402921945,2.889767156862746,3.412441368704344,0.9805964452286635,0.9977486838651903,0.9777436215749655,0.9943809209457516,0.8467788597731724,0.8436869355396832,0.8473709804559848,0.84447810115324,0.9202058790146759,0.9185243249580728,0.9205275555115039,0.9189548961473789,0.9224376455328921,0.8992078478850801,0.9263107548522899,0.9055855821708036
1469ba5d-2d15-4089-a7a2-762a4a43bdbd___JR_Sept.L.S 8452.JPG,Tomato___Septoria_leaf_spot,150.9708639705882,211.13350249903888,167.8913296568627,229.46931180315264,0.8864252021930172,0.8814280564074771,0.8844707623485725,0.8804138775722268,2.709712009803921,3.407151095732411,2.8943321078431365,3.572656670511342,1.403236710808747,1.4411381593869768,1.4163107875146648,1.4451188318296326,0.7702472951640441,0.7636164006952639,0.7676415928800665,0.7629447263429427,0.8776373369245659,0.8738514751920168,0.8761515809950162,0.8734670722717273,0.9160091326021087,0.8829415579480123,0.9065956302057566,0.8727756617472819
1512a5b8-2c65-4abb-8003-ee207d10ac5a___Matt.S_CG 2803.JPG,Tomato___Septoria_leaf_spot,336.5697610294118,387.7381007304882,333.6381127450981,443.59547866205315,0.647174542379244,0.6415653490149138,0.6477049770797557,0.6394499397798197,7.127236519607845,7.6985467128027665,6.982689950980394,8.207028066128414,3.91822279772138,3.9533441292132627,3.9117601090139167,3.9708043644862223,0.3840122580464094,0.38055031115853,0.38393727514845566,0.37852312420577,0.6196872259829224,0.6168876001011286,0.619626722429283,0.6152423296602486,0.9442943622474661,0.9359340119405112,0.9447795791512198,0.9267046942622745
1585bf58-6209-411e-92e5-84d55162dec8___Matt.S_CG 7594.JPG,Tomato___Septoria_leaf_spot,673.7879901960786,812.1681507112646,696.3293198529415,783.0529181084196,0.589180926544784,0.5816126182238437,0.5873878685323397,0.5828050529176722,11.826623774509805,13.145743944636672,12.184957107843143,12.785051903114182,4.725076407175093,4.784779687847364,4.738531236241382,4.7746145499953805,0.3244382048258182,0.31860018018681163,0.3239319584489741,0.31870486851757956,0.5695947724705857,0.5644467912804639,0.5691502072818512,0.5645395190042762,0.9133960556838645,0.8957565368452212,0.9104987525457563,0.8994935372119797
17387441-89a3-4172-8195-fae50dba7a58___JR_Sept.L.S 2514.JPG,Tomato___Septoria_leaf_spot,603.5402573529415,741.0592233756247,588.3623774509808,656.0036293733178,0.6041037864610708,0.5965018817258412,0.6034332608635323,0.5994304887221011,11.214215686274514,12.56055363321799,11.109865196078438,11.873833141099574,4.603017234818097,4.670718919803069,4.605532405838342,4.644725239784022,0.3426582182136604,0.3355528327983158,0.34178024567718135,0.3385881651705543,0.5853701548709674,0.5792692230718941,0.5846197445153399,0.5818832917093893,0.8979449013282869,0.8749078177034069,0.9005113913215408,0.8892653609801993
1747b1ad-eb6e-457b-a979-cead92fc123e___Matt.S_CG 7591.JPG,Tomato___Septoria_leaf_spot,720.610324754902,793.6508727412536,705.8430453431374,903.0768473663975,0.5703059928267427,0.565348892157685,0.5714604831976859,0.5603008157861809,11.973008578431374,12.56418300653595,11.829136029411767,13.59289504036909,4.819464458589559,4.85340899255573,4.8159613944503405,4.890055027625289,0.29821729250111884,0.2941380462753434,0.2988701329566753,0.2905130102121133,0.546092750822714,0.5423449513689081,0.5466901617522263,0.5389925882719662,0.9016445028272957,0.8917924311419029,0.9036600763745194,0.8768731270866862
175164c2-7b16-48bd-a67e-c3f95cb8cbf7___Matt.S_CG 1701.JPG,Tomato___Septoria_leaf_spot,508.15330882352947,571.2193771626296,514.4856924019609,514.4808919646288,0.6836125315855376,0.678415255196661,0.6830954001866072,0.6816099964241821,9.811979166666669,10.421960784313724,9.925091911764712,9.91006535947712,3.678765959953438,3.72280982044037,3.6855057921192205,3.697930516420766,0.45112015726748733,0.44515510572413125,0.4507291944739182,0.4485061303573976,0.6716547902512773,0.6671994497330849,0.6713636827189255,0.6697060029277008,0.9063479539241298,0.8949608858419933,0.9051809032164794,0.9053942857967858
17579194-bf69-46cc-881d-6fa6ee2b0576___JR_Sept.L.S 8474.JPG,Tomato___Septoria_leaf_spot,227.95245098039214,290.0602537485582,221.25125612745097,264.6222837370242,0.8386145920901814,0.8331765844152853,0.8380838129881046,0.8345357265670412,4.1317401960784315,4.84632064590542,4.118321078431372,4.548496732026143,1.9737841546024504,2.0136893552963646,1.9762971692205071,2.000590093956624,0.6854162815890373,0.6790177722731369,0.6851626097647243,0.6804885804279869,0.8278987145714368,0.8240253468632727,0.827745498184511,0.8249173173282198,0.9022876468828964,0.8760653798372886,0.9051601297843126,0.8869343117586639
1764aae7-ae4b-45f9-b364-23cd799cee12___JR_Sept.L.S 8458.JPG,Tomato___Septoria_leaf_spot,186.36354166666672,226.65042675893892,176.30242034313727,235.50591311034214,0.8091213299198888,0.8064623904215605,0.8097411630955583,0.8054779482805423,4.2059129901960794,4.8165474817377945,4.191115196078432,4.881691657054978,2.2532868155814048,2.281096759220094,2.2510591945202276,2.286302125635315,0.6362648159849883,0.6333827090725028,0.6375603858510703,0.6323551785674958,0.7976620938624251,0.7958534469816053,0.7984737853248974,0.7952076323624515,0.9194794016651746,0.9023699530329676,0.9238264295314877,0.8985554376104005
184031fe-22fe-479d-bb2d-9bb7122d60a9___Matt.S_CG 0881.JPG,Tomato___Septoria_leaf_spot,196.60085784313725,275.8861361014995,204.73226102941175,294.99715494040765,0.6431590970923722,0.6160714256901209,0.6305895796319032,0.6147011212325819,3.905422794117647,5.369196462898886,4.3213848039215685,5.565459438677433,4.113804716184886,4.266432683065402,4.168605648123318,4.280282732968331,0.31820226309254546,0.31405588085261626,0.31849860848760847,0.3141918807142611,0.5640941970030763,0.5604068886555699,0.5643568095519079,0.5605282158056462,0.9716836069396848,0.9603086705096885,0.9705124421173108,0.9575591965551452
18927674-9831-4c32-83ed-7b194445c824___Matt.S_CG 1602.JPG,Tomato___Septoria_leaf_spot,521.9601715686276,621.3359784698191,535.9658394607844,612.8348788927335,0.5770477053050151,0.5714869118249968,0.5763137366439571,0.5718914780882098,10.823958333333337,11.868081507112649,11.146660539215688,11.809642445213377,4.733198923287688,4.780774863765263,4.742990909813771,4.77858522050498,0.3091207070297483,0.3045845192774019,0.3088816490305337,0.30507683683012493,0.5559862471588198,0.5518917640963688,0.5557712200452033,0.5523376112760428,0.9369351388901882,0.9249985722250752,0.9352322707987684,0.9260247394325636
19352c8e-cfc9-4980-86a7-4c067390770a___Matt.S_CG 1107.JPG,Tomato___Septoria_leaf_spot,286.49056372549023,391.89727028066113,271.2386642156863,382.35737024221453,0.48646003233290985,0.4601114180961622,0.48820235189734024,0.4584509980120314,5.837469362745098,7.217162629757784,5.570986519607844,7.215501730103805,5.283370443408169,5.402959306747614,5.259417956296277,5.410251260528074,0.13827963495016196,0.134220763581156,0.13875604602384004,0.13443665345641617,0.3718596979374909,0.3663615203336126,0.37249972620639604,0.36665604243816324,0.9545030827482507,0.9376182566044219,0.9569252023493504,0.9391368065953198
2003cfd2-132f-4763-8324-2c52541c05eb___JR_Sept.L.S 2486.JPG,Tomato___Septoria_leaf_spot,310.3673713235295,421.3792233756248,305.04785539215686,447.43938485198015,0.7736387867422099,0.7598972271440075,0.7702218319987165,0.7582054971081589,3.767738970588236,5.053256439830834,3.801960784313726,5.071926182237603,2.847022946128517,2.9338618096208116,2.8505401524292515,2.933956458838704,0.5370813523306845,0.5329122472488256,0.5372153584070731,0.5314312962467788,0.7328583439728885,0.7300083884783966,0.7329497652684481,0.728993344446147,0.9652467695629979,0.9529421958413526,0.965842419686231,0.9500319100297434
2097ad9f-76af-47d8-b6f4-232437ba1f87___Matt.S_CG 1240.JPG,Tomato___Septoria_leaf_spot,115.99157475490199,159.84698193002697,117.84359681372547,175.48164552095352,0.934090930392717,0.9256337303688438,0.9302942567876081,0.9240189604951894,1.3056372549019608,1.8009996155324877,1.3855698529411762,1.9612764321414842,0.8851087318019724,0.9265985239986052,0.8995409262756083,0.9352228556758356,0.8324188993894703,0.8283978554369635,0.8319412887320977,0.8270266993693166,0.9123699356014918,0.9101636421199012,0.9121081562688154,0.909410083168928,0.9274945518736931,0.9004364575834685,0.9263368670194393,0.8906981286340682
2139cc43-0f52-4782-9966-059e4538b624___JR_Sept.L.S 2653.JPG,Tomato___Septoria_leaf_spot,361.4800551470588,479.8195617070357,429.41260723039227,509.566366782007,0.6328026725319894,0.6235130909079765,0.6285981335090788,0.6224888050454732,8.138419117647059,9.655440215301805,9.084145220588237,9.895809304113804,4.258447177109284,4.3319529973396405,4.294993011076276,4.34112954769775,0.369737614533022,0.36407374988562785,0.36826604295354404,0.36292410374798906,0.6080605352537048,0.6033852416869573,0.6068492753176393,0.6024318249793823,0.9281964867333289,0.9048490715231273,0.9146866792098545,0.8989501121058946
2142a16f-dd81-4045-8ea8-1bb853595821___JR_Sept.L.S 2523.JPG,Tomato___Septoria_leaf_spot,534.1973651960786,580.4645136485967,552.0674785539217,742.7775932333716,0.6725327596646328,0.6674765824994484,0.6719027510849527,0.6650702403687432,9.553799019607847,10.15829296424452,9.828416053921572,11.53739331026528,3.917612209549108,3.958969263954263,3.9272430644752947,3.9923302846375535,0.4311174612547611,0.42659437081026835,0.43083563018880955,0.42458751011241164,0.6565953557974357,0.6531419224106414,0.6563807052228223,0.6516037984177284,0.9099230476054099,0.9023395297746287,0.9068896358368651,0.8750311047059887
22368f32-693c-4a7f-b235-76f020778d18___Matt.S_CG 6918.JPG,Tomato___Septoria_leaf_spot,313.2691176470589,363.2550249903883,324.0969362745098,353.87435601691664,0.6505369970296413,0.6457248636711588,0.6498880885384933,0.6457583362574815,7.7319240196078445,8.448627450980393,7.922640931372548,8.33519415609381,3.920122931015973,3.962981787493586,3.9238994125063362,3.954868879565324,0.3972485472412579,0.3929889373575152,0.3974024819649443,0.3939151393136729,0.6302765640901286,0.6268882973524991,0.6303986690697755,0.6276265922614122,0.9148040507803757,0.9013983737421464,0.9118593421130408,0.9039446543233866
2240ebae-0c54-4eff-a068-1c3f58ee05a7___Matt.S_CG 1035.JPG,Tomato___Septoria_leaf_spot,212.94641544117647,324.53471741637827,246.5034926470588,318.3359323337178,0.7998293720697349,0.7825246976591655,0.7919059271395165,0.782886558973301,2.831985294117647,3.95755478662053,3.183823529411765,3.920984236831987,2.33549696904762,2.4127561470932704,2.3610756483022675,2.412694428896992,0.5642315070751034,0.558238575912231,0.5627752171640716,0.558376529891721,0.7511534510838005,0.7471536494672505,0.7501834556720587,0.7472459634496,0.9614315058068221,0.9413773358811187,0.9553537048038155,0.9424970598315761
2258389b-40c1-4d0e-9675-d7ea31239390___JR_Sept.L.S 8436.JPG,Tomato___Septoria_leaf_spot,130.8236213235294,176.5915878508266,120.3327205882353,129.83034217608613,0.9060410829444583,0.9034266344495694,0.9065528531561653,0.9058348741484364,2.4947610294117646,2.964090734332949,2.395435049019608,2.5167243367935415,1.1611876192311013,1.1830544324661831,1.1562988354176273,1.1653117299754667,0.8124859573381858,0.8083012067195048,0.8132317095635168,0.8119828504725881,0.9013800293650763,0.8990557305971109,0.9017936069653171,0.901100910260659,0.9183330503091207,0.8901506867439953,0.9248820194776358,0.9192386562610072
22709956-4b66-48a8-a03b-e82f095153ba___JR_Sept.L.S 2491.JPG,Tomato___Septoria_leaf_spot,282.5275428921568,337.21233371780085,286.3915441176471,416.8342329873126,0.7979997599691189,0.7906792142810559,0.7969651665881309,0.7879717494788776,4.383517156862745,5.018623606305267,4.428492647058824,5.7622145328719725,2.559986541569644,2.6040559063099153,2.563318138069744,2.6310765845575528,0.6006809745885372,0.5967208724766647,0.6003484849295492,0.5938021243714714,0.7750361117964357,0.7724771015872669,0.7748215826430942,0.7705855723873056,0.9419631006800416,0.9309397065467852,0.9411693562974575,0.9146333286980545
23572403-70ff-4ea4-8eb8-6bae4649af5f___Matt.S_CG 7422.JPG,Tomato___Septoria_leaf_spot,738.525704656863,979.3223683198771,787.2473805147063,964.1597693194924,0.6546626285991869,0.6461722771372229,0.6523898447675429,0.646812105533337,10.85756740196079,12.77670126874279,11.358287377450985,12.828312187620144,4.09429048728727,4.167271782488264,4.112773460102768,4.161646028466096,0.4074743316779456,0.3993245154430742,0.4059891880479791,0.4007637009454705,0.6383371614420906,0.6319212889617457,0.6371728086225739,0.6330590027362936,0.9209961652126194,0.8954515561096604,0.9157820427606937,0.8970702530598208
2365ce1e-195c-4cf9-a38d-927f0faa489a___JR_Sept.L.S 2725.JPG,Tomato___Septoria_leaf_spot,286.4724264705883,341.0610688196848,237.59194240196084,334.9026374471356,0.9107712192035615,0.9089775862366652,0.9116728050635509,0.9092086886759849,3.4315870098039225,3.8082276047673975,3.166574754901961,3.878354479046519,1.1348188742765637,1.1498953844833082,1.1248304225908576,1.1489277940205973,0.8229850192365172,0.8200951179425421,0.8248203231535802,0.8207357749754958,0.9071852177127432,0.9055910323885402,0.9081961919946484,0.9059446864878097,0.9103747342230069,0.8936321183704352,0.925635616121447,0.8955527694184309
2423106f-b2fd-45ed-ac52-69c093b39826___Matt.S_CG 2737.JPG,Tomato___Septoria_leaf_spot,366.80459558823543,512.1635371011148,394.2572610294119,520.6017685505576,0.6771493377114817,0.6668213551910677,0.6745411054373923,0.6659553808925457,6.234895833333335,7.800692041522488,6.634313725490197,7.9004690503652455,3.696060168331145,3.7745354449037434,3.7118023744684185,3.775774698156438,0.41849930977005545,0.4125284068278233,0.41800325633470303,0.4128839006557233,0.646915226107761,0.6422837432380049,0.6465317133248013,0.6425604256844046,0.9491315557278766,0.9291140799061183,0.945324421360118,0.9279461877058174
250522aa-27e8-4238-8a1a-61dc70bb4b9d___Matt.S_CG 7557.JPG,Tomato___Septoria_leaf_spot,722.6466299019609,878.2537793156478,747.0716299019609,863.8529488658207,0.6449350544923776,0.638429922909165,0.6445790778707429,0.6378874658843234,11.649662990196079,12.938531334102267,11.923069852941179,12.837216455209532,4.123040589811605,4.176934724699796,4.129417018166386,4.177218416254252,0.3977181959903866,0.39095554890386813,0.39738972852707655,0.39060958230213694,0.6306490275822096,0.6252643832043115,0.6303885536136237,0.624987665720002,0.9021006588807766,0.8812533210258686,0.8987917229390682,0.8832004242785513
25592188-309d-450c-b45f-fbbdb02b316f___Matt.S_CG 6181.JPG,Tomato___Septoria_leaf_spot,479.03229166666665,722.4590849673203,503.1397365196078,685.2238369857746,0.7348711921395827,0.7126290385871149,0.7259700337256909,0.7134880828147393,4.5106617647058815,6.4993771626297585,4.859375,6.242675893886965,3.0833572887504497,3.2066256860305558,3.117093377928981,3.198080308413297,0.46040685352294636,0.4534864723161958,0.4600232963752674,0.45439873233626005,0.6785328684175487,0.6734140422624078,0.6782501724107908,0.6740910415784058,0.9595341585966417,0.9391018256428304,0.9574977028982894,0.9422404928296583
2567c820-aa63-490c-8e47-921b85164728___Matt.S_CG 7447.JPG,Tomato___Septoria_leaf_spot,540.3219056372552,807.3556324490576,642.1505208333336,674.2038292964244,0.5862942672841868,0.5747689471075358,0.5825061456214097,0.5794979285935208,10.175428921568633,13.024159938485193,11.497487745098045,11.657239523260282,4.747271006572467,4.856832846608853,4.792337215916355,4.8123782968403725,0.3154496426639171,0.308613275969184,0.3143987815355348,0.31123382545470546,0.5616490386922398,0.555529725549573,0.5607127442242906,0.5578833439480924,0.939764849673825,0.9101118331975696,0.9284129835365302,0.9249364916390078
261666dc-32fb-43b2-93db-efc28e296df4___JR_Sept.L.S 8491.JPG,Tomato___Septoria_leaf_spot,198.12245710784322,251.89579392541324,192.92904411764715,228.0390311418684,0.7111483638480348,0.7052394443860265,0.7128371564598642,0.707089620234662,5.5500000000000025,6.393171856978085,5.427022058823532,6.004029219530947,3.271486678266648,3.3243821144715375,3.264888534852705,3.304303285554757,0.477939541474621,0.4722634632141749,0.4782365893254326,0.47408316731461453,0.6913317159472875,0.6872142775104246,0.691546520000956,0.6885369759966523,0.9037239138298776,0.8778921967432733,0.9062476129796865,0.8894568872484986
26696658-5564-47e2-9b51-c43cd872343a___Matt.S_CG 7765.JPG,Tomato___Septoria_leaf_spot,498.3467830882354,618.0955632449057,510.44522058823543,564.6223144944252,0.5957375524128073,0.5895646152196808,0.5956209783611742,0.5921469225627518,10.124662990196082,11.284705882352938,10.21528799019608,10.842568242983464,4.544380295691793,4.598847460281528,4.549441409528302,4.588922261451542,0.33037188408604856,0.32467880909968516,0.32970310467841407,0.32595925318405167,0.5747798570635966,0.5698059398599536,0.5741977922967085,0.5709284133620008,0.9300556047906196,0.9133660190374419,0.9283575545119123,0.9208609772441224
267884af-5e80-43e4-bace-0c8d3dd2a23d___Matt.S_CG 6230.JPG,Tomato___Septoria_leaf_spot,315.2444546568629,447.50948096885816,348.0070465686275,468.92290657439435,0.5678355863035475,0.5452354271916642,0.5595572268847148,0.5483388265726599,6.022916666666669,7.686828143021915,6.3577818627450995,7.771380238369856,4.792197191538316,4.912355630010417,4.813404325320843,4.912543442679491,0.25248267045070566,0.2483232158216733,0.25193561617020055,0.24792753740797935,0.5024765372141327,0.4983203947478703,0.5019318839944326,0.49792322441113285,0.9701786494105528,0.9576775606053322,0.9670793887409772,0.9556524227122526
2698f5c0-5364-477f-a33d-4e32236a43e3___JR_Sept.L.S 2467.JPG,Tomato___Septoria_leaf_spot,707.3009803921567,822.4093963860053,721.2749234068627,815.0358938869664,0.5563159025032414,0.5500712227270572,0.5560515648392717,0.5497371536734506,13.064981617647057,14.314294502114567,13.198391544117646,14.198923490965011,5.104538350643653,5.160406357170626,5.106037608982099,5.159162217543497,0.28782376639524887,0.28313684953336926,0.28765953618349915,0.2825157904399291,0.5364920935067439,0.5321060510211938,0.5363390123639145,0.5315221448255275,0.8764319201765042,0.8565067012954503,0.8739864567368336,0.8577932238002307
2713743d-6169-4d75-95ae-577b22a663ff___Matt.S_CG 6854.JPG,Tomato___Septoria_leaf_spot,434.625949754902,547.9497116493657,448.96348039215695,528.4131641676278,0.6677814027065517,0.6620519304329794,0.6669365562864643,0.6625299734929353,8.246109068627453,9.213994617454825,8.444761029411765,9.18311418685121,3.816588852139543,3.8620809724850007,3.8226804009723416,3.860919881872211,0.4220008618370566,0.4169143390122481,0.4220204041160929,0.4175100896484817,0.6496159341003395,0.6456890420413283,0.6496309753360694,0.6461502067232369,0.9438511962861913,0.9293520529051613,0.9419989479472555,0.9318709281660883
2741b105-dacf-4ed8-bedf-4fc395f8947c___Keller.St_CG 1943.JPG,Tomato___Septoria_leaf_spot,183.06672794117648,263.0523337178008,205.5180453431373,262.57341022683585,0.7241568103777964,0.7043330109515753,0.7138009243128033,0.7038816541334003,3.616268382352941,4.782499038831217,4.0513480392156875,4.82002306805075,3.1805288431427057,3.273206607265836,3.217438594060276,3.2756591038399714,0.4478677815192024,0.44279351936476075,0.4471199699146664,0.4429357884858113,0.6692292443693734,0.6654273208734074,0.6686702998598535,0.6655342128589719,0.9690498718289021,0.9556200756510093,0.9652541457621538,0.9557008754979356
28213c64-ff3b-4b6b-ad13-2dd9e7a197f2___Matt.S_CG 1690.JPG,Tomato___Septoria_leaf_spot,302.21084558823543,345.3559707804691,310.30931372549026,367.27323337178007,0.703881867612344,0.7001466971988763,0.7048834323740748,0.6995714803161465,6.768964460784316,7.288181468665899,6.835937500000001,7.471064975009612,3.3861612572756217,3.4206657012351154,3.3879136013877114,3.426452491710187,0.47139258924790056,0.467516286833163,0.4714767434935257,0.46640262460790155,0.6865803589150367,0.6837516265671059,0.6866416412463824,0.6829367647212307,0.9300914148959286,0.9202956437762791,0.9282180458317448,0.9152373808451973
28658cdf-b9a4-4f11-8e50-3793211600f3___Matt.S_CG 6487.JPG,Tomato___Septoria_leaf_spot,322.66351102941184,551.0182237600923,480.29650735294126,628.5695655517109,0.7669248192590099,0.7318331358401685,0.7417856383963544,0.7284507080429369,3.221537990196079,5.045013456362938,4.420649509803923,5.572533640907343,2.8456206661994075,2.982102008748405,2.927614411104871,3.001041316408278,0.45263097614198883,0.4450525520823402,0.4486314887809828,0.4431025838256689,0.672778549109578,0.667122591494502,0.6697995885195681,0.665659510429821,0.9678129129449724,0.9451472974583432,0.9520883367162465,0.9374272248734954
289314a0-89cc-423e-8aad-18fb13b57059___JR_Sept.L.S 8409.JPG,Tomato___Septoria_leaf_spot,52.66136642156863,63.1275970780469,47.24975490196078,73.92307574009996,0.9548267293426964,0.9537963677475134,0.9556154213930147,0.9533385380641349,0.9520833333333333,1.0798923490965011,0.873498774509804,1.2095347943098806,0.5828138913970047,0.5908392503164028,0.5779454942209123,0.5953198376496317,0.9046269888403051,0.9031805865339401,0.9050933406115588,0.902742156751884,0.9511188090035362,0.950358135932944,0.9513639369933878,0.9501274423738554,0.942278363369622,0.9310418931252381,0.9481932711638791,0.9192493363703581
2967e646-0a62-4db8-a568-57c1e14c93b5___JR_Sept.L.S 8428.JPG,Tomato___Septoria_leaf_spot,133.23088235294122,177.57651672433684,120.07755821078439,173.3430372933487,0.8523832137987246,0.8477844393850313,0.8527657443548368,0.8475111139297329,3.0120710784313736,3.6261591695501743,2.9291819852941186,3.691549404075355,1.805808482481179,1.8420137907098542,1.8039267057343773,1.846746634073895,0.70817630954084,0.7036433672850225,0.7091304034299464,0.7041075738030549,0.8415321203262772,0.8388345291444687,0.8420988085907416,0.839111180835445,0.9303225659781414,0.9073969004368492,0.9371754863650031,0.9096045871539777
2987271e-1fdf-4e7c-9c88-bbb4a50b98d3___JR_Sept.L.S 2525.JPG,Tomato___Septoria_leaf_spot,181.91484375000005,279.0887812379855,242.16076899509812,320.42915801614765,0.6963387056757591,0.6822447922001811,0.6878093354599035,0.6766861689808401,4.65482536764706,5.958292964244523,5.500444240196081,6.761553248750479,3.640299420296021,3.7294250466471435,3.689934201803377,3.7742794488446028,0.42760858015847286,0.42294299300198185,0.4261821128789485,0.4208631438445065,0.6539178695818557,0.6503406745713987,0.6528262501454338,0.6487396579865505,0.9633813119156126,0.9439394383062478,0.9512631985786023,0.9356353970884859
2996fe86-51c4-4ded-b7a4-4f0905247394___Keller.St_CG 1841.JPG,Tomato___Septoria_leaf_spot,186.55824142156865,272.52441368704353,226.96369485294122,314.9408381391773,0.8757224245222318,0.8634569831915965,0.8675037672512801,0.8613902428450363,2.054166666666667,2.9947558631295665,2.621568627450981,3.3639677047289513,1.6072895030276835,1.6802893505801788,1.6561956905516344,1.6980265344633607,0.7179649778349227,0.7127598393011535,0.7155751683500264,0.7110206940488544,0.8473281405895373,0.8442510522949637,0.8459167620694287,0.8432204302843085,0.956600344047413,0.9368078788441603,0.9472006908122216,0.9269724890648988
305388b4-9b47-499c-bbd5-4bf9db035da9___Matt.S_CG 2569.JPG,Tomato___Septoria_leaf_spot,193.08664215686275,270.22086889657817,180.22187500000004,205.445044213764,0.8361676175061301,0.831899719360695,0.8365147376154018,0.8344341842543352,3.7166053921568625,4.477108804306035,3.578247549019608,3.835078815840063,1.972101053201204,2.0093360889470526,1.9687148071315697,1.981519666855476,0.6810873320395101,0.675728051361667,0.6812391436737074,0.679779280822551,0.8252801536687466,0.8220267947954416,0.8253721243619192,0.8244872836026951,0.9476977927255078,0.9270349618367981,0.9511825274065826,0.9445257298123959
3074b681-d17e-4c2d-85a0-6e5d207aa888___JR_Sept.L.S 8516.JPG,Tomato___Septoria_leaf_spot,181.46041666666676,228.29591695501733,190.0411458333334,228.86191464821218,0.6501089340500317,0.6429571071574709,0.6486544019326059,0.6423997205628703,5.8607843137254925,6.734425221068821,6.053737745098041,6.729473279507881,3.8947739769604053,3.946259110562127,3.901901969517235,3.951565225233149,0.38518954478333167,0.3819910214049811,0.38539768229260535,0.38107954764389096,0.6206364030439494,0.6180542220590206,0.6208040611115598,0.617316408046871,0.921843058664925,0.9018554574574627,0.9181472468817784,0.9016121347322048
3138a911-db1c-4462-a282-ec266c555c07___Matt.S_CG 7541.JPG,Tomato___Septoria_leaf_spot,601.9668504901962,771.3671972318338,693.1088235294118,749.2898423683198,0.5419248458302817,0.533704158018609,0.5399645243105025,0.5354614213107031,12.301593137254905,14.089442522106879,13.346170343137256,13.781345636293732,5.1614434908359135,5.231314307524165,5.188605352304178,5.2271687305239825,0.27080030007895856,0.2656655045134653,0.2700346958229331,0.265649994434755,0.520384761574509,0.5154274968542766,0.5196486272693628,0.5154124507952393,0.9196167145673914,0.8970819970693324,0.9074461253933588,0.9000276204776113
31762015-58df-4fd1-a50d-25710877bbad___JR_Sept.L.S 2480.JPG,Tomato___Septoria_leaf_spot,556.7656862745099,646.1418531334103,540.4401960784317,663.3496347558632,0.5856311648457216,0.5797478272266726,0.5848184171741261,0.5775488045425095,10.81746323529412,11.820253748558248,10.777236519607847,12.060192233756247,4.810136697473029,4.861035780866937,4.809652410485255,4.868507597406314,0.31558357963283357,0.31167706029724757,0.3157208771725794,0.3109049019533934,0.5617682615036502,0.5582804495029784,0.5618904494406177,0.5575884700685564,0.9116014363468464,0.8974715091794713,0.9141112080342898,0.8947410129709937
318530ca-975c-482f-b3cf-bdf6435f09d1___JR_Sept.L.S 8510.JPG,Tomato___Septoria_leaf_spot,228.22129289215695,292.6874894271433,220.65364583333331,260.30480584390625,0.7526168489183926,0.7471170774758217,0.7531141315098525,0.749107771903903,5.560937500000002,6.385790080738177,5.403523284313725,6.001076509034987,2.892296279948546,2.9415186966358773,2.8892013104908685,2.9249506980929736,0.5452753773197588,0.5387384130050237,0.5451399553028355,0.5412469634531183,0.738427638512914,0.733988019660419,0.7383359366188507,0.7356948847539435,0.909160464363685,0.883820593413462,0.9121726352964291,0.8966745796557287
32106b67-e151-43ea-9ef1-63515e971e90___Matt.S_CG 7834.JPG,Tomato___Septoria_leaf_spot,648.263694852941,826.2274509803924,740.7755821078431,835.586559015763,0.5943388519482705,0.5851102836917847,0.5899358976781895,0.5846470301125498,11.481433823529407,13.062176086120726,12.283915441176472,13.15494040753556,4.665468617683313,4.735088317322929,4.689194055837625,4.737563354159118,0.3280274731651811,0.32051512805014964,0.32548806935170665,0.32037584373324585,0.5727368271424329,0.5661405550304179,0.5705156170971192,0.5660175295282345,0.9116482921460963,0.8875569738692839,0.8990398685976935,0.8862832732337833
32839ce2-35bd-4352-9d5d-1c4c6713cd9b___JR_Sept.L.S 8405.JPG,Tomato___Septoria_leaf_spot,73.46587009803919,97.879784698193,86.44627757352943,124.52565936178394,0.9496148678735562,0.9481184818969316,0.9489840844531281,0.946887510170284,1.2779718137254898,1.5303498654363707,1.4202359068627455,1.8039061899269513,0.6443576483309932,0.6566752943876442,0.6492506701864181,0.6664168391169034,0.8957032156962236,0.8935602923253871,0.8950364529596115,0.8917877412954915,0.9464159844889686,0.945283181023225,0.9460636622128616,0.9443451388636951,0.9299479448617,0.9069968802691158,0.9175549879124119,0.8816785831425608
3287491a-0971-4fc4-bbdf-c5f8bd8cb224___JR_Sept.L.S 8508.JPG,Tomato___Septoria_leaf_spot,201.27349877450985,251.01619377162635,202.2666973039216,242.4504421376394,0.7719060755869552,0.7672388476649874,0.7716839551838237,0.768084821045088,4.945251225490197,5.603475586312958,4.967892156862745,5.512249134948099,2.6601994411132512,2.6969414761804047,2.659004565985304,2.6912864500071234,0.574107362951787,0.5694838354100645,0.5744322768361331,0.570412570683414,0.7576987283556618,0.7546415277534523,0.7579131063889403,0.7552566257130181,0.9296291751052917,0.9124833327725674,0.9292819252178282,0.9154697776869001
33730016-a830-406f-b969-c50f70adf1df___JR_Sept.L.S 2530.JPG,Tomato___Septoria_leaf_spot,315.85909926470595,439.6605920799692,329.2231924019607,367.7339792387543,0.7019398042058514,0.6830388548772812,0.6936165287578898,0.6876774583134484,5.876409313725489,7.394479046520567,6.155422794117647,6.653748558246828,3.556358867181351,3.65715421269866,3.5825049826319435,3.623607426447513,0.4340331030423619,0.4265586436234488,0.4332199519068311,0.43008183236536485,0.6588118874476704,0.6531145715901987,0.6581944635947883,0.6558062460554679,0.9475551992692846,0.9271522265067026,0.9453362440352524,0.9390698140612495
33955624-749a-442a-bf18-6d7a21130d72___JR_Sept.L.S 8398.JPG,Tomato___Septoria_leaf_spot,152.38400735294118,238.32144559784703,157.7333026960784,212.16956555171092,0.7381022569144774,0.7268713436418922,0.7366749199952666,0.7256387586846234,3.8474877450980394,5.165982314494427,3.947518382352942,4.981714725105729,3.0854968036730597,3.180322637298977,3.0925166444243484,3.1728464366849782,0.49896530145500667,0.4920364615330721,0.49818612397519124,0.49283500431103255,0.7063747599221016,0.7014531071519122,0.7058230117920435,0.7020220824952963,0.9525985135766682,0.9260535253215938,0.950934529573447,0.9341679412558087
34406ab3-1cfb-4ae4-bd6e-85355247d251___Matt.S_CG 7430.JPG,Tomato___Septoria_leaf_spot,561.6191789215687,746.3052672049212,658.5824754901962,756.2929642445213,0.6607096352810825,0.6533542535954958,0.6576989078820816,0.6535703833547025,9.474142156862747,11.308266051518647,10.547181372549023,11.28159938485198,3.958694569567637,4.023782979350156,3.989565566077417,4.025182099985494,0.4141931145303939,0.40802229243447474,0.4127343382756558,0.4076491887232913,0.64357836704662,0.6387662267484676,0.6424440351311979,0.6384741096734395,0.9333595749366349,0.9116225382962353,0.9218541357682535,0.9104397953203855
3551440d-d4bd-4da7-8bac-345fec2c55ee___Matt.S_CG 1451.JPG,Tomato___Septoria_leaf_spot,232.95526960784323,279.21660899653983,243.83578431372553,292.86831218762023,0.6580272557356837,0.6522037533582306,0.6565414110167049,0.6516698387682787,6.462714460784316,7.211041906958863,6.620588235294118,7.29851595540177,3.855870720901067,3.9012741645791698,3.863876114618604,3.907792534172295,0.40075500417883164,0.3977876761976471,0.4005411938729996,0.39625730901417416,0.6330521338553655,0.630704111448187,0.6328832387360244,0.6294897211346459,0.9203853849338425,0.9047640489837863,0.9166668685358712,0.9001076893887533
35624b1d-4848-4ccc-8554-76cc8f37fb34___JR_Sept.L.S 2599.JPG,Tomato___Septoria_leaf_spot,347.3666513480393,355.8444136870434,319.5857843137255,465.2402768166088,0.7204712936009995,0.7170209742197718,0.7214512201127187,0.712063316304717,6.625413602941178,6.7998923490965,6.4194546568627455,8.032679738562088,3.3324451733512954,3.351577265722563,3.3228056382423734,3.3987121938871834,0.49067886956789464,0.4883249884223689,0.4922465699931741,0.4847201406137081,0.7004847389971424,0.6988025389352623,0.7016028577430212,0.6962184575359289,0.9384440176902521,0.9370984310298889,0.9433765112528576,0.9177608464985181
35733fa2-2d61-44a9-9c44-815e5b0e169e___Keller.St_CG 1793.JPG,Tomato___Septoria_leaf_spot,1.7709558823529412,3.360645905420993,2.741636029411765,3.0045674740484434,0.9995133810910143,0.9994494000930801,0.9994814053317995,0.9994824696175827,0.019454656862745095,0.034079200307574026,0.02705269607843137,0.03011149557862361,0.006438905834205122,0.007194731088671212,0.006830421373455849,0.007040905266780353,0.9989892302399092,0.9988623051406752,0.9989279878785728,0.9988930446855903,0.9994944873484342,0.9994309906845371,0.9994638502109883,0.9994463690892025,0.8260117837785979,0.6711212793026872,0.7306469534114487,0.705967741046487
36085cb4-2736-475a-9b13-ac6d3225561d___Matt.S_CG 7619.JPG,Tomato___Septoria_leaf_spot,614.9626225490197,741.439323337178,630.5936580882353,729.5307035755479,0.6813734591808378,0.6748652467467856,0.6809261128845905,0.6764455357646654,9.868137254901962,11.034740484429065,9.987898284313726,10.803537101114957,3.7478812724503516,3.7984621198629194,3.755178809356516,3.7949162181873275,0.44462079204719196,0.43822582501244245,0.44376329444729784,0.4382259406631082,0.6667989142516595,0.6619862725256789,0.6661556082833033,0.66198635987693,0.9131067820466021,0.8954704963316603,0.910898142158349,0.8971493958368221
3633c989-bce5-4cfc-bb1c-49cc1976f0b4___Matt.S_CG 6012.JPG,Tomato___Septoria_leaf_spot,322.82074142156864,387.8640215301807,329.40165441176475,480.6968089196463,0.6822467183255747,0.674208774476149,0.681169323597779,0.6718842446239206,5.657046568627451,6.6018300653594775,5.728431372549021,7.225990003844675,3.610294924563096,3.6694891900829747,3.6149839584484162,3.691664090904239,0.42317421554923285,0.4200521002701914,0.42303447237935093,0.4180410588835424,0.6505184206071591,0.6481142648254175,0.6504110026585889,0.6465609475397833,0.9698732173405863,0.9638724793444632,0.9692590630750239,0.9552255869859178
36929b20-0c26-4fb0-87d9-db47d3b2553f___Keller.St_CG 1902.JPG,Tomato___Septoria_leaf_spot,168.42677696078437,250.73261053440984,161.15857843137258,219.06906574394458,0.7604450307006413,0.7480295607192942,0.7583325458569126,0.7464633099700243,3.1526960784313736,4.108573625528644,3.1163909313725497,3.9771164936562853,2.80916273206557,2.8813132101221703,2.808076915862686,2.881351942959832,0.5151987957981908,0.5106094824972682,0.5158800038737734,0.5115100822577185,0.7177734989522745,0.7145694385413276,0.718247870775663,0.7151993304371297,0.9727873545024294,0.9595887928229274,0.9739616743674526,0.9646920861909531
36942c3f-7a37-46fd-9f47-7f1da66da785___JR_Sept.L.S 8504.JPG,Tomato___Septoria_leaf_spot,70.63109681372552,108.06013071895427,75.33042279411764,92.97371780084583,0.9058211220468261,0.9012171123958297,0.9065042324805475,0.903029762196719,1.5558517156862748,2.070834294502115,1.5621936274509802,1.8635601691657058,1.1507833482732541,1.181457614296895,1.1501029887590803,1.17139937713884,0.8017550952505127,0.7979401873795036,0.8014810347272906,0.7994245446365897,0.8954077815445389,0.8932749785925405,0.8952547317536449,0.8941054438021221,0.9557314360171864,0.9325080863906938,0.952786098591835,0.9419307186841108
3764603c-7343-4eb1-9698-5b709f5a6369___JR_Sept.L.S 2561.JPG,Tomato___Septoria_leaf_spot,207.8323529411765,310.4278662053057,183.25695465686283,223.51920030757395,0.6902796636452853,0.660840591036541,0.6830641882191565,0.6719600611106552,3.998131127450981,5.614948096885813,3.788909313725492,4.315201845444059,3.7952375843822104,3.9505645052339498,3.7888431746839903,3.850100665375723,0.3774409837440453,0.37235871064289144,0.37850547992921907,0.37481440814544886,0.614362257747044,0.6102120210573465,0.6152279902029971,0.6122208818273425,0.9681507981251813,0.9525086827385557,0.9719168471066539,0.9658045478146254
3795408d-1142-499f-aeb2-821214b1bb8c___Matt.S_CG 6517.JPG,Tomato___Septoria_leaf_spot,313.42095588235304,466.3674894271435,376.0189644607844,466.73082660515195,0.5810375941390542,0.5659788336491035,0.5721780448622988,0.5667717310085636,6.834987745098041,9.133871587850827,8.130177696078434,9.029111880046138,4.69718551784053,4.827942280337034,4.77050277971729,4.82344814902828,0.2927044554537694,0.2883839367965564,0.2918032003869831,0.2880709473081435,0.5410216774342498,0.5370139074517124,0.5401881157402327,0.5367224117811212,0.9664234904104329,0.9500818415013061,0.9597174211579659,0.9500429513058026
381296fd-87f1-4238-a725-b052eb876ee3___Matt.S_CG 1429.JPG,Tomato___Septoria_leaf_spot,409.1657169117649,455.6307266435987,423.105300245098,474.318400615148,0.5950608586948833,0.5895577433883219,0.5943503970932369,0.5893971806278466,9.487653186274514,10.04730488273741,9.685477941176469,10.330088427527874,4.510980365460512,4.551977575772906,4.5212429472117925,4.557972530828113,0.32770559637237645,0.32326570826203094,0.3273545758204476,0.3235100684222095,0.5724557593145312,0.5685646034199024,0.5721490853094564,0.5687794549930663,0.9001831437526414,0.8890062006218992,0.8967825524317622,0.8844537948811337
3812fd82-b846-4257-92b6-ee73eb90edc1___Keller.St_CG 2013.JPG,Tomato___Septoria_leaf_spot,172.69730392156868,233.42108419838536,170.2182291666667,249.83846212995013,0.819121415122343,0.812061509084945,0.8185373431475963,0.8111219208536505,2.7844975490196084,3.544021530180701,2.8213541666666675,3.6412764321414857,2.126986012580589,2.1788489841305783,2.130922311302257,2.181731145587972,0.6289221580942427,0.6254888659775231,0.629285585138716,0.6245894495669831,0.7930461260823627,0.7908785405974315,0.7932752266009043,0.7903097174949725,0.9666755124473186,0.9550902356150025,0.9671538864226842,0.9519315639069256
3823a859-7570-4196-abf7-64f102d55f8d___Matt.S_CG 7740.JPG,Tomato___Septoria_leaf_spot,737.885355392157,968.2389234909654,874.3308210784313,896.328888888889,0.5750849518910365,0.5662200792081502,0.5696758105193527,0.5671377552485135,13.065931372549022,15.005797770088433,14.288204656862746,14.505990003844676,4.880900642310075,4.960657125265344,4.9182654620505755,4.945698970981985,0.31021854974085994,0.3013255226563114,0.3063235745838815,0.30316806173238586,0.5569726651648714,0.5489312549457458,0.5534650617553754,0.5506069939007185,0.9006791668110194,0.8698470153484884,0.882313336349976,0.8795133336535909
39081040-dbed-48f3-aef1-7bab8831a7e0___JR_Sept.L.S 8447.JPG,Tomato___Septoria_leaf_spot,209.21375612745112,275.6967320261438,238.0144607843137,315.1419300269128,0.8290342748617159,0.8251286616875857,0.8280778594197716,0.8233781267925931,3.882506127450983,4.521184159938485,4.138296568627451,4.935670895809305,2.047474331263241,2.078077950797347,2.0559101072824464,2.093181591202923,0.668579552462358,0.6643738748338742,0.6672275837418302,0.6620196240141281,0.81766714038315,0.8150913291367258,0.8168399988625864,0.8136458836706102,0.9397925190854113,0.9209071370588467,0.9315042597087266,0.9095909578055301
3931a2cf-5122-47f2-bff0-509460130890___Matt.S_CG 1139.JPG,Tomato___Septoria_leaf_spot,214.8051470588236,307.2358016147636,235.88226102941178,345.89650134563624,0.6825655646833573,0.6491980945421328,0.6663505539705995,0.6473901535268601,3.3816789215686285,4.6533179546328345,3.768474264705883,4.947204921184159,3.5659330434276946,3.699953195322509,3.6159477589211604,3.709461293005469,0.3408852020697794,0.336101329258362,0.3401470752497536,0.3348728318345604,0.5838537505829515,0.579742468047979,0.5832212918350578,0.5786819781491043,0.9681515245927141,0.9545026666615508,0.9650264879949412,0.9487775567182807
40373753-a07a-4ccf-b844-3324278d2b54___Keller.St_CG 1903.JPG,Tomato___Septoria_leaf_spot,169.36148897058825,276.87898500576705,185.52356004901964,220.12112264513647,0.7410734025551777,0.7283963976181694,0.7427481425170492,0.7313393117012762,3.6039828431372545,4.7496501345636295,3.58342524509804,4.250980392156862,2.975742842166851,3.047155622345078,2.963557296106677,3.026319939920074,0.49234920690903883,0.48627358436209056,0.49196560482390345,0.4892377478215353,0.7016759985271256,0.6973331946509435,0.7014025982443346,0.6994553222483444,0.9731651511350754,0.956231671209288,0.9706043166893579,0.9652038103595612
40705363-7a06-44d7-a4ff-a3b040ca6e70___Matt.S_CG 7683.JPG,Tomato___Septoria_leaf_spot,337.12337622549035,364.7673356401384,338.84215686274524,422.77637831603226,0.6556589221817744,0.6534852125064745,0.6560924078749394,0.6497426487790346,8.093290441176475,8.397662437524028,8.04776348039216,9.082875816993463,3.9215202201098736,3.950206666008487,3.9214305419092677,3.9804783372451444,0.4072093313907212,0.40367878949938063,0.4061352588341175,0.4003052230377188,0.6381295569010428,0.6353572140924982,0.6372874224665959,0.6326967860181675,0.9205917634484003,0.9142538512364445,0.9201869106584469,0.9006176192690467
4098a908-25be-4759-9248-bf5d66844081___Matt.S_CG 6650.JPG,Tomato___Septoria_leaf_spot,377.65677083333344,577.3427758554403,448.41366421568637,476.08987312572094,0.6418441491186369,0.6322156515031874,0.638868817296235,0.6339350125456041,8.094148284313727,10.120599769319494,8.867738970588237,9.318908112264515,4.130548254082258,4.21311015442737,4.1578820413098345,4.185844597108339,0.3815119385563471,0.37486211641014067,0.3799797760326558,0.3776163195151184,0.6176665269838953,0.6122598438654463,0.6164249962750179,0.6145049385603979,0.9581310445813077,0.9361024168803057,0.9502865745667657,0.9473086119499439
4155b13b-7c41-494e-8550-497acc32bb83___Matt.S_CG 1706.JPG,Tomato___Septoria_leaf_spot,410.6145526960786,457.0924106113032,407.35692401960796,442.1913417916187,0.6992548971852954,0.6969105524146478,0.6998013891690383,0.6966008303971295,8.43633578431373,8.778162245290272,8.366115196078434,8.671587850826606,3.4416054832626606,3.4687066057451514,3.4383603494672457,3.4635342812633736,0.4716613126561903,0.46774356214989016,0.4718719021314295,0.46839582575595307,0.6867760280150949,0.6839178036503292,0.6869293283383885,0.6843944957083985,0.9273897300441524,0.9193547502044892,0.927965786825534,0.9219837599830073
4193a3fe-d859-4354-b9e7-ec143f24ca01___JR_Sept.L.S 2579.JPG,Tomato___Septoria_leaf_spot,561.4153492647062,565.3362245290275,569.2273590686275,649.6363860053825,0.6510092977579038,0.649780445850469,0.6502633659576974,0.6449152458602001,10.657199754901965,10.605182622068439,10.719301470588238,11.592341407151094,4.0550602457681535,4.067909839812587,4.056323866946831,4.107990395070092,0.4061471450846731,0.4037890582704046,0.4056982983886532,0.3994815724765604,0.6372967480575067,0.6354439851555798,0.6369445018120913,0.632045546204196,0.8993919253148974,0.8988957666143632,0.8979919791487957,0.883819599847493
42184af4-cb8b-4287-b000-04fa630a167f___Matt.S_CG 2424.JPG,Tomato___Septoria_leaf_spot,429.5517156862745,543.919231064975,467.40318627450984,522.9993387158785,0.5762577866589055,0.5692149483857566,0.5748313302824378,0.5699693942089857,9.75625,10.945605536332181,10.169148284313724,10.772841214917339,4.657012590751505,4.713576497503956,4.670118104944054,4.710051167363286,0.3055452999597509,0.29962302246452094,0.3046312141345124,0.3002966658344665,0.552761521779285,0.5473783174957891,0.5519340668363499,0.5479933082022685,0.920408417514773,0.8993290236736854,0.9133949233684456,0.9032009698508805
4271d0f3-743c-4006-b9e6-fbee7ab28ec7___Matt.S_CG 7484.JPG,Tomato___Septoria_leaf_spot,667.0555147058825,775.4133333333334,708.1954656862747,841.516462898885,0.643757600176606,0.6395524570162714,0.6436056282726964,0.637381404917574,11.116053921568628,12.172672049211844,11.555238970588238,12.529058054594389,4.164513839298202,4.207708791664629,4.17446229022017,4.221751482038076,0.3949213396224184,0.3906659758372293,0.39470931426051603,0.38798000662508014,0.628427672546665,0.6250327798101707,0.6282589547794094,0.6228804111746332,0.918873872566482,0.9058823337619596,0.9138705035330731,0.8978589067478845
43660e03-52a8-4451-bcd4-3b4806be2276___Matt.S_CG 6721.JPG,Tomato___Septoria_leaf_spot,537.8159313725491,576.335840061515,549.8360600490198,665.1013917723953,0.56013645089066,0.5560341444220969,0.5589886921417266,0.5529295931236227,11.273314950980394,11.811703191080358,11.518841911764708,12.620222991157247,4.956385657270041,4.9903273220110576,4.9670795094588795,5.021036129355608,0.28952717864297994,0.2866247717990936,0.28918043501053525,0.28424193291522293,0.5380772980185838,0.5353734881361736,0.5377549953375935,0.5331434449706973,0.9198833881608455,0.9142322998307437,0.9180927904353897,0.9010226107999787
000146ff-92a4-4db6-90ad-8fce2ae4fddd___GH_HL Leaf 259.1.JPG,Tomato___healthy,171.03345588235297,212.05594771241832,158.17561274509808,226.77671664744327,0.6247131803810756,0.6138689079758598,0.6242241892615051,0.6134531766251696,4.95686274509804,5.81361014994233,4.884620098039217,5.9242752787389446,3.957966387708656,4.016264420884214,3.958218887406104,4.02187582352924,0.33621932519944253,0.333286886465014,0.336413747280756,0.3326483114988007,0.5798442249427362,0.5773100436204224,0.5800118509830261,0.5767567177751818,0.9739482787156069,0.967737721653508,0.9759067782618044,0.9654980978656375
003944fc-3b99-4a0f-9ed4-0e07352fd8b3___RS_HL 9844.JPG,Tomato___healthy,594.1673100490198,744.1870049980776,698.6098958333337,739.0334179161862,0.6126413553955842,0.605964875256194,0.6092146083606974,0.6058713828976805,11.204534313725492,12.645228758169932,12.41648284313726,12.815224913494811,4.461999623495563,4.518304314205514,4.488813042751573,4.515872520076962,0.3537418612751857,0.34863181129429854,0.35243043306285454,0.34935829968688287,0.5947620207067578,0.5904505155339426,0.5936585155313234,0.5910653937483422,0.9292597176261627,0.9115361490805909,0.9168250079319747,0.9121487721931293
01700b46-3800-46c6-ab81-09a5f50af525___RS_HL 0108.JPG,Tomato___healthy,790.5611825980396,969.9136024605918,897.0493259803926,920.9999231064976,0.7290688582615767,0.7246081652120621,0.7276199067568055,0.7248869486094209,11.20863970588236,12.739192618223758,12.159466911764712,12.357770088427529,3.3061588432073177,3.3480962663771114,3.32402499649026,3.349695429008287,0.5196504241344982,0.5148904847616502,0.5183039909342266,0.5146477908934267,0.7208678270907214,0.7175586977813384,0.7199333239503688,0.717389567036925,0.8648314681024065,0.8346176260629605,0.8466243434391512,0.8429580188454239
0172e56c-8bb8-4e75-8ac7-509df81393e8___RS_HL 0580.JPG,Tomato___healthy,757.2123774509804,1005.8295424836604,800.6763480392154,873.9455594002308,0.7632517133498002,0.7555536477575229,0.7630819769279027,0.7583410938753048,9.94387254901961,11.743267973856213,10.296354166666664,10.8401999231065,2.8600705538244977,2.922605708961046,2.8629184916815356,2.9022801555202276,0.5720824910200177,0.5604170611338822,0.5719202687968565,0.5641062207612162,0.7563613495016901,0.7486100861823077,0.7562541033256326,0.7510700505020927,0.8574128259640199,0.8111492277361838,0.8492283259173857,0.8359112684225541
0184dc6b-bfc1-4515-ac59-bbadaf524e1a___GH_HL Leaf 422.1.JPG,Tomato___healthy,152.21835171568628,203.68209150326794,138.17417279411768,200.25910034602077,0.6206279856631436,0.6052336860542791,0.6185344914515858,0.6047440938366356,4.239920343137255,5.293010380622837,4.263051470588236,5.312049211841599,4.015634893729616,4.106108100577307,4.02683508148792,4.108877083921701,0.31516566562909243,0.3118710335435709,0.31556990597441487,0.3119041441636398,0.5613961752889776,0.5584541463214064,0.5617560911769581,0.5584837904215662,0.975966749565616,0.9678723130070473,0.9781841383716502,0.9684122367071041
0326b4b6-0f25-47af-bfd9-d8fec314a4f5___RS_HL 0621.JPG,Tomato___healthy,1087.062898284314,1134.4481968473663,1090.9523590686276,1275.7608612072274,0.6852179467653103,0.6795635391717039,0.6841818431026556,0.6788217963235968,14.02680759803922,14.437862360630525,14.145006127450984,15.500007689350245,3.8330417145973197,3.870345349997481,3.8359748209003603,3.8843385020908663,0.45577658976283925,0.44967548322658846,0.45548704564594306,0.44911858388242953,0.675112279374949,0.67057846910454,0.6748978038532524,0.6701631024477769,0.8369864252048449,0.830317111215047,0.8364031701719695,0.8091805435188616
0372686b-04b2-4a25-98da-5801747fa1af___RS_HL 0391.JPG,Tomato___healthy,953.8927083333338,1094.1361630142255,1070.9664215686275,1181.9372549019606,0.6028257819657771,0.5976243724162424,0.6015725786218229,0.5976701330665203,14.967953431372557,16.204782775855442,16.035171568627455,16.883875432525947,4.676622209348045,4.726468549084337,4.699303675291571,4.739488379412942,0.3492475621840535,0.3439189545439967,0.3483063037466059,0.3436120409726184,0.5909717101385256,0.5864460371969417,0.5901748077871555,0.5861843063172353,0.8659191917563492,0.8464831849715861,0.8494631082182958,0.8341639285222889
04141939-3a8c-47b2-a582-e8371ccc120f___RS_HL 0275.JPG,Tomato___healthy,1081.8883272058824,1132.9493886966552,1143.402604166667,1231.819484813533,0.5988789220885293,0.5944922203263621,0.5987739738970881,0.5939996888829354,16.27729779411765,16.74475970780469,16.774356617647065,17.431910803537097,4.721115272193664,4.759216716921157,4.729814735690649,4.769995442733747,0.34549165050326197,0.3407516778880627,0.34487964176939157,0.33992623060275634,0.5877853779257034,0.5837393920989594,0.5872645415563514,0.5830319293167024,0.8579726040084817,0.8515254804227257,0.8498971748229158,0.8385684232337898
04483b12-5e9c-4e74-a5b6-e8c87f60b43f___GH_HL Leaf 439.JPG,Tomato___healthy,134.174080882353,175.57828527489428,118.33075980392161,189.64290657439443,0.6494908546741166,0.6289533789805436,0.6445647584845795,0.6272626615861691,3.414430147058825,4.337777777777779,3.442003676470589,4.495686274509803,3.8700503001877316,3.980720572788105,3.8925256604736953,3.9903158296254038,0.3277055872206229,0.32449030501828396,0.32795662897176714,0.3240679264370709,0.5724557513211156,0.5696405050716495,0.5726749767291802,0.5692696429962438,0.9793389558854517,0.9729930024276191,0.9817786189975055,0.9708296187683167
05598cc1-60b9-4436-a233-973c42eff2d6___GH_HL Leaf 503.1.JPG,Tomato___healthy,151.38339460784317,222.40415224913494,146.35245098039218,187.98695886197606,0.7738933379709811,0.7621939745272095,0.7704956191343267,0.762903411893206,3.228278186274511,4.150711264898117,3.3009497549019615,3.9207074202229895,2.6345048898848624,2.6957904171772835,2.6448060925882513,2.69143426568984,0.5493090611464794,0.5454121593135225,0.5492160937622026,0.5461844661821573,0.7411538714372875,0.7385202497653822,0.7410911507785007,0.7390429393358395,0.9727996412204121,0.9601428021485031,0.9737035942069405,0.9663107305457597
0576ef4b-c843-4dfb-b148-c917f7d605b7___GH_HL Leaf 299.JPG,Tomato___healthy,289.5780330882353,368.85130334486723,291.1924632352942,337.5856978085351,0.5749154205909833,0.5684269695637867,0.5732886662212447,0.5690237259131186,7.805637254901963,8.8077201076509,7.9007046568627475,8.549173394848134,4.593349569646038,4.6449141186418546,4.596676243533172,4.636121761597362,0.2950736069670095,0.2913322856778384,0.2951892655375188,0.29221299908162357,0.5432067810392369,0.5397520594475194,0.5433132296728277,0.5405672937587175,0.9497656008682235,0.936069493965113,0.9494855384356116,0.9414885502766911
06040967-7b02-43b5-a3fc-4490a9a7ded6___RS_HL 0508.JPG,Tomato___healthy,255.84531250000012,380.64815071126486,306.03014705882356,328.4600076893502,0.9305064503211684,0.9268731238543724,0.9295256160551119,0.9279609990309581,3.187500000000001,4.121399461745481,3.574080882352942,3.7475740099961548,0.8827393108389203,0.9141086451000047,0.8924941810442912,0.9051606008712252,0.8625831758293091,0.8562203306006725,0.8607062919760434,0.8578147676617444,0.9287535603319694,0.9253217443682346,0.927742578507661,0.9261829018405298,0.8662392795311206,0.8017198074647464,0.8400017082361618,0.8289046894275431
06639369-2e38-48cc-a27a-5b90388d227e___RS_HL 0389.JPG,Tomato___healthy,463.099969362745,552.2828143021915,495.46703431372555,631.9895424836598,0.8592918750580613,0.853406552146889,0.8583537778206688,0.851038593687085,5.965379901960784,6.742791234140715,6.2497855392156865,7.345974625144171,1.7533921089485962,1.788698684042876,1.7547071990880907,1.8050845866765062,0.7265721173196604,0.7192863230523379,0.7271986956451545,0.71587383316475,0.8523919974516774,0.8481074949865364,0.8527594594287151,0.8460932768700801,0.8176337383249137,0.7832574259370216,0.8048877633151821,0.7519766382883643
06704d9f-3bbc-40cd-a5eb-258ed55e172b___GH_HL Leaf 491.1.JPG,Tomato___healthy,122.62392769607845,155.48515186466744,94.31596200980394,143.39586312956558,0.7996233311763861,0.792134716634873,0.7984878933131037,0.7927170134408431,2.8897058823529416,3.4206535947712418,2.6763480392156866,3.3314263744713575,2.3389987400876495,2.3804618419031423,2.3348886058879037,2.375486049777801,0.5965053494111341,0.5938899772527085,0.5976875534556271,0.594340549053901,0.7723375877238748,0.7706425742539199,0.7731025504133504,0.7709348539623183,0.9719796848957145,0.9645703650373778,0.9784482276458429,0.9673250916572881
0764ce38-ecb9-4046-88d9-c8f176c6ee8b___GH_HL Leaf 423.JPG,Tomato___healthy,139.62058823529415,179.43218762014618,111.0869178921569,176.2295424836601,0.6895558487110072,0.6721584016007287,0.685293661046868,0.673202150371054,3.492126225490196,4.348573625528644,3.3382965686274524,4.288873510188388,3.3725265115400784,3.449886978434627,3.374427620765183,3.445851016491442,0.3998347019663411,0.39653445814839794,0.40056402233553523,0.3967098361157338,0.6323248389604358,0.6297098205907209,0.6329012737667189,0.6298490582002435,0.9769349334600776,0.970408652349633,0.9816486437617676,0.9709368217204214
0764cff7-f198-467a-9afd-d9f0c7bcf7c9___RS_HL 0443.JPG,Tomato___healthy,737.6646446078433,826.0177470203764,824.1218137254905,951.2887043444825,0.6454371790311554,0.6405122689282419,0.6443903254512339,0.6401496492004178,12.185998774509807,13.054302191464817,13.069914215686278,14.057854671280271,4.224183312611689,4.260891672669298,4.2357438918769885,4.280939764498603,0.3998223361873665,0.39575336786002313,0.40005443404335944,0.3951534437483819,0.6323150608576128,0.6290893162818958,0.6324985644595247,0.6286123159375593,0.8970443973961812,0.8849549899787869,0.88497759981954,0.8675076668520078
07776423-f0af-455c-a7c1-36215c7e7097___RS_HL 0321.JPG,Tomato___healthy,591.4387867647059,707.4528873510187,650.5079656862747,804.6714648212226,0.6221443998283399,0.6110054385016855,0.6154419009245843,0.6103860294656598,10.345128676470587,11.818131487889271,11.335784313725492,12.564459823144942,4.522535121147523,4.600646429663245,4.561299950287499,4.612494826249678,0.35332318227871334,0.34826631214652726,0.35370204211289685,0.3485379240025535,0.5944099446330902,0.5901409256665117,0.5947285448949772,0.5903710053877591,0.9115525913281999,0.894415158899786,0.9027190215236851,0.8799056300849193
0782c04b-2a91-4e10-89a7-cf3d3e48be82___RS_HL 9645.JPG,Tomato___healthy,487.1612438725491,616.562891195694,485.63851102941186,603.5051749327183,0.8463753220646651,0.8411637906764252,0.8457542914313477,0.8418669209114299,6.075030637254903,7.114494425221068,6.139368872549021,6.910111495578625,1.8950642591282296,1.9328565332776386,1.8960906929757058,1.9292596609399861,0.7063193203091217,0.6992888949197519,0.7061390748806803,0.6998547416994707,0.8404280577831286,0.8362349519840413,0.8403208166412874,0.8365732135918952,0.904865676015662,0.8799903201680437,0.9051630398997204,0.8825319138488071
083426c2-0042-4788-91ea-b7d93395c24a___RS_HL 9929.JPG,Tomato___healthy,1023.6944546568627,1260.3294425221072,1083.819087009804,1198.334086889658,0.6420801344581456,0.632878228966907,0.6403372571239043,0.633928715875204,14.210079656862744,16.260053825451756,14.95297181372549,15.717400999615533,4.213912242114065,4.282391323012668,4.232403896868151,4.272672697506411,0.3974640563706717,0.38780637737149276,0.396633795210601,0.38857278995849504,0.6304475048492711,0.6227410195028852,0.6297886909198998,0.6233560699620202,0.8490486855765553,0.8145478911811574,0.8401828640986563,0.8236702436797265
085cbe78-1d5c-45eb-877f-f409526032d5___GH_HL Leaf 469.JPG,Tomato___healthy,161.71164215686278,206.75189542483662,124.80079656862745,198.70745098039214,0.6784844679080082,0.6589348215923128,0.6753734634189191,0.6605019210798356,3.461979166666667,4.325044213763936,3.2057291666666665,4.226036139946174,3.5557626622599177,3.6438747824676625,3.5497032154918378,3.636791665790037,0.3745563866990387,0.3713917571998229,0.3752470919481839,0.37148835270378494,0.6120101197684877,0.6094191966124983,0.6125741522037833,0.609498443561413,0.9803601625556739,0.9749278786765295,0.9848429752809468,0.9759034019561424
0864ab65-d40d-4902-8213-09df86cf049e___GH_HL Leaf 400.JPG,Tomato___healthy,152.9728860294118,197.16496732026147,118.57343750000004,193.86562091503265,0.6694875609449937,0.6547178029040418,0.6700295758414563,0.6549009389061257,3.714859068627452,4.558954248366014,3.4419424019607847,4.5488965782391375,3.624226410840086,3.7039766237208527,3.6138303848357087,3.7052561539865874,0.3753129540677715,0.372175644744332,0.37600627038259765,0.3721933304272849,0.6126279083324326,0.6100620007379021,0.6131935015821659,0.6100764955538649,0.979575839294522,0.9737156334158895,0.9841686784778624,0.9741554743855186
087e3b12-a80b-435f-8973-a3b07888f8b4___RS_HL 9847.JPG,Tomato___healthy,972.1082414215689,1082.5042675893887,967.4460477941179,1004.1862360630528,0.5671748185936094,0.5616373916097377,0.565724418463226,0.5628396536065463,15.623437500000001,16.5918954248366,15.69947916666667,15.987204921184162,4.995645653624444,5.045307190905704,5.001851048184646,5.034546895537521,0.3046105917138991,0.29965280747756035,0.3039852583788763,0.3003435671460464,0.5519153845598971,0.547405523791604,0.5513485815515229,0.5480361002215515,0.8574553746797123,0.841477284329109,0.8581390132041875,0.8529462340739449
0894c925-d193-412f-961d-d188b57ee337___GH_HL Leaf 393.JPG,Tomato___healthy,185.45245098039217,243.13777777777767,145.69203431372557,232.94372933487114,0.6599431219159531,0.6366079811748234,0.6539715797522636,0.6392814137350116,3.646384803921569,4.737808535178775,3.5506127450980403,4.626774317570163,3.883585299861771,4.0063499569352725,3.900882191582226,3.9963838385150368,0.3439375996837156,0.3403767462341471,0.34443243933842327,0.34064778764149045,0.5864619337038983,0.5834181572715638,0.5868836676364604,0.5836503984762543,0.9762643283562841,0.9689215854268263,0.9813531809944036,0.9702246114994636
0902aa8e-e4f7-4c29-b11a-b2b7f24fe61c___GH_HL Leaf 228.1.JPG,Tomato___healthy,228.39126838235305,291.2387850826605,203.1176164215687,274.52964244521326,0.6404708227457678,0.633924430643577,0.642029341179499,0.6343707862802783,5.891850490196081,6.8489350249903875,5.76841299019608,6.73740868896578,3.915512677114241,3.971878278951232,3.917257762799103,3.9676229429932954,0.3715615026935255,0.3680119342499947,0.3720839705535058,0.3686088635060509,0.6095584489559024,0.6066398719586397,0.6099868609679275,0.6071316690027385,0.9639103484708689,0.9540503048461126,0.9679040094308238,0.9566865609005927
0920bfd6-6c70-432b-be33-cccb6abb0f31___GH_HL Leaf 181.1.JPG,Tomato___healthy,191.14990808823532,209.97917723952327,155.5667892156863,227.13940792003075,0.7149246634531592,0.710049351342595,0.7150412566907329,0.7080520831723066,4.78998161764706,5.1438677431757025,4.5353247549019615,5.39038831218762,3.177562645436088,3.208627585397188,3.1696843582164016,3.219752571051993,0.47169121870945085,0.4693493803953495,0.4728067159744376,0.4680854263457952,0.6867978004547269,0.6850907825940658,0.6876094210919725,0.6841676887618965,0.9492600366402841,0.9443874284908073,0.9587054303936735,0.9398425751944949
0922314c-48ce-4a7b-a042-68fecb43a228___RS_HL 0260.JPG,Tomato___healthy,242.10615808823542,298.25805459438664,200.40487132352942,260.3100346020761,0.9348777624882149,0.9313545640502146,0.9355655334877278,0.9325492328024443,2.6791666666666676,3.1563244905805448,2.4364276960784315,2.847397154940407,0.8422888889323239,0.8690753219312977,0.8351841286199273,0.8568976088273369,0.8656594076600278,0.8607803078134701,0.8673989824751903,0.8629788473099322,0.9304081941062362,0.9277824679381854,0.9313425698824199,0.9289665480037116,0.7921241294458694,0.7448610415291356,0.8279294611148034,0.7773229252829094
0971aa89-8f72-4f66-b4ee-dceca73add54___GH_HL Leaf 318.JPG,Tomato___healthy,244.5033088235295,348.18319108035365,274.4916973039216,357.07878508266054,0.634853675807314,0.6242206620349945,0.632296035683891,0.6246033981734247,5.778462009803924,7.227404844290657,6.302941176470589,7.2648981161091895,3.9776432015206518,4.0514912319185825,4.0027179616646285,4.051999516041025,0.35776231530353425,0.35369170009878487,0.3573194194765835,0.3535088077944764,0.5981323560078774,0.5947198500964844,0.5977620090609502,0.5945660668037459,0.9614304984096469,0.9451551611597372,0.9566999399450109,0.9437539521641762
0972d906-c7f6-4c30-80f5-6c665ea36770___RS_HL 0115.JPG,Tomato___healthy,625.8968137254905,773.8806305267208,725.0214154411766,824.8983314109958,0.692656434589314,0.6858729660087354,0.690284294965993,0.684663597839344,10.375980392156865,11.624667435601694,11.260018382352943,12.04164552095348,3.7065259016622907,3.764677195419651,3.730429105342032,3.7743108999475656,0.4600081905847513,0.4529007824601222,0.45820190652614834,0.4518872278295944,0.6782390364648376,0.6729790356765374,0.676906128297084,0.6722255780834246,0.9084865349192494,0.8871242971588272,0.8939933539686108,0.8796830218283751
0988fc05-ee41-4e17-9f28-fbdd03266ae6___RS_HL 9928.JPG,Tomato___healthy,1156.5895833333336,1524.649257977701,1413.672610294118,1620.4521337946944,0.6831050185907618,0.6718951360491413,0.6773512508842433,0.6698954827489518,14.400551470588237,17.14168396770473,16.447518382352943,17.94269896193772,3.769607328570469,3.852769287408578,3.815529325024178,3.8681469022272275,0.4549937472403945,0.4413263086787814,0.4486525440326063,0.4387159846987547,0.6745322432918938,0.664323948596452,0.6698153059109699,0.6623563879806359,0.8367743676810309,0.7853570469984406,0.8004930970913277,0.7718697402858947
1006c73b-19f8-4771-9fe5-3fc4908e8da3___RS_HL 0557.JPG,Tomato___healthy,293.13725490196083,361.03188004613617,290.8722732843138,354.6620838139178,0.9409793912935018,0.9379471045352736,0.9409006143731385,0.9385252537999086,3.20575980392157,3.700668973471742,3.2185968137254903,3.644505959246444,0.7446723264729007,0.7690002880076721,0.7447840281372702,0.7662201457128893,0.8830192222727213,0.8774681970277014,0.8829040850001728,0.878275017578931,0.9396910248973975,0.9367327244351514,0.9396297595330688,0.9371632822400433,0.7897876269354135,0.742061900468395,0.7914118734371162,0.746612781499544
10126910-47a0-4b22-b3ee-ce9eb4d5d7b5___GH_HL Leaf 350.JPG,Tomato___healthy,193.86357230392156,233.85593233371782,163.58808210784318,221.444398308343,0.7405039442364147,0.7374551660660198,0.741785646083266,0.7372701360577235,4.621905637254901,5.1686274509803924,4.372426470588237,5.0489811610918895,2.8766284763536465,2.9065331070018936,2.867398475644513,2.9032936367664766,0.5194110349122034,0.5164167714159568,0.5201847801223162,0.5167042775521382,0.720701765581439,0.7186214381828284,0.7212383656755346,0.7188214503978984,0.9691846368791641,0.9629187591777784,0.9739970429076206,0.9648867874316496
10716d69-324b-4423-9e1e-b09559babb89___GH_HL Leaf 267.1.JPG,Tomato___healthy,248.82830882352948,281.50271434063825,218.3693014705883,287.52184544406,0.5793983935135405,0.5740671351344497,0.581893792101035,0.5739414973130085,7.3030637254901976,7.910311418685122,6.952787990196081,7.943775470972704,4.500862378677203,4.5406330818793155,4.487329276603327,4.542569211605677,0.3007101637544381,0.29777748191073705,0.3014006087652588,0.2974252513709497,0.548370462146201,0.5456899136970895,0.5489996436840909,0.5453670794712032,0.9535520041653504,0.9475006586279798,0.9592376910284975,0.9463781102386987
109f3e0e-e7f4-41b9-b450-f68750e144ae___RS_HL 0014.JPG,Tomato___healthy,433.98333333333346,548.6178854286813,408.46011029411784,547.7535717031908,0.8954005973383472,0.891348560288484,0.8962500255552269,0.8914599850334961,4.934895833333336,5.783929257977701,4.786305147058826,5.727889273356399,1.3059350167279062,1.3343918417008147,1.2961953785854734,1.3337325785217242,0.7957000542347001,0.7893883692147506,0.7980244703340522,0.7895523914219248,0.8920202095438758,0.8884753059116222,0.8933221537239812,0.8885676065567126,0.8737384022414425,0.8409487947142289,0.8811640397564303,0.8411993701027376
115c8bc1-06b9-4679-9159-46e5640c39e7___GH_HL Leaf 206.2.JPG,Tomato___healthy,217.0777267156863,270.73347174163786,204.94666053921577,279.88161476355253,0.6151625230487152,0.6072617027969174,0.6160466105741305,0.6074728268732307,5.918229166666668,6.773548635140331,5.801439950980395,6.852287581699348,4.134274037759955,4.190390834309089,4.133113817601362,4.194889039521885,0.3335397328307473,0.3299782844589539,0.33339882973477025,0.329589179804118,0.5775289887362774,0.5744373633904343,0.5774069879511073,0.5740985802143375,0.9665078565633235,0.9582791697395338,0.968379515229412,0.9568694137911451
125ff07a-87f1-4953-9ded-8f9e5adb7b1b___RS_HL 0470.JPG,Tomato___healthy,743.5936580882355,931.8077662437523,795.4219669117649,833.3590157631681,0.6545456444350911,0.646546858659453,0.652487078278489,0.6494338012859159,11.779503676470593,13.327920030757397,12.307414215686277,12.568858131487891,4.158933993283688,4.2234453452897025,4.169928599350787,4.1950695928866555,0.4062020788372413,0.39901117651936713,0.40612353356055975,0.40259362345627264,0.637339845637507,0.6316733147120963,0.6372782230396389,0.634502658352408,0.8987302882220869,0.8733738581977072,0.8916718123469836,0.8867523530871263
13053341-b112-411c-bc76-8cadbcb4eded___GH_HL Leaf 223.JPG,Tomato___healthy,182.31510416666666,227.12449058054594,176.66259191176474,241.36073817762394,0.6081816433212253,0.5990281702757011,0.6081649606947375,0.5975460952194608,5.3630821078431365,6.196632064590541,5.324601715686275,6.401138023836985,4.218489312615569,4.281880420017982,4.2174213575388135,4.291606661866464,0.3174921506113934,0.31478003884880873,0.3178025938134522,0.31403774640250887,0.5634644182301074,0.5610526168273424,0.5637398281241554,0.560390708704658,0.9694111864433969,0.9619326067459895,0.9703595644962302,0.9595465283695261
130c7763-2ace-42bc-b2f0-ef78be095e8c___RS_HL 0171.JPG,Tomato___healthy,814.6463235294118,969.3094348327566,936.4546262254902,1074.9341945405613,0.7029305164786009,0.6979796236957123,0.7012177020154894,0.6951013146304802,11.708823529411767,13.004875048058437,12.773039215686275,13.774240676662824,3.5829922232966966,3.627340523541302,3.599023627220787,3.6464915502760453,0.4803404949793949,0.47489351012630654,0.479258064173222,0.4717623206169335,0.6930660105497851,0.6891251773998005,0.6922846698961505,0.6868495618524726,0.8710690453687298,0.8469811831101438,0.851790911662093,0.8303068630386052
1317fd49-1819-4065-b3a4-d74f9763c7c4___RS_HL 0252.JPG,Tomato___healthy,583.4325980392155,740.5404690503653,522.5302389705882,668.2740176855056,0.8549777371720064,0.8473212794501522,0.8551583434177754,0.8503215590582526,6.454197303921566,7.586559015763171,6.151409313725489,7.0714955786236064,1.8129745248822373,1.8623198698900243,1.8065872283714433,1.8440543823421267,0.7181355761418383,0.7085017751283372,0.7204476733942848,0.7117931084087525,0.8474288029928168,0.8417254749194284,0.8487918905092607,0.8436783204567678,0.853974879082432,0.8152872875559118,0.8692178983738631,0.8333126795610637
1352e7ea-9a81-44fb-98e9-25ee6c701753___RS_HL 0549.JPG,Tomato___healthy,362.454105392157,395.15869281045764,344.1188419117649,484.31434063821615,0.9345445394718125,0.9325225807551809,0.9347510346990073,0.9310344652237492,3.7366727941176476,4.02734332948866,3.6812193627450998,4.5424990388312185,0.821666771609812,0.8395242525146734,0.8191973258569811,0.8496423135455085,0.8708834204110953,0.8668690779180106,0.8713409241966363,0.8644654860069941,0.9332113482009825,0.9310580421853466,0.933456439367492,0.929766360978388,0.8300041412773866,0.815348037196088,0.8386036268781422,0.7736868877238013
13688c77-f2ad-4f7c-972c-99d70652fac6___RS_HL 0458.JPG,Tomato___healthy,883.4914215686276,1073.7428681276433,918.8423100490197,1007.4747558631298,0.6778798029611339,0.6697153364310425,0.6777037680857221,0.6718971293735313,12.428676470588236,13.883767781622455,12.756893382352942,13.318354479046523,3.8791112554216314,3.9400450074344127,3.87997960524653,3.921507046676468,0.44155810410772,0.4329856131695128,0.4422299703548891,0.43497099063279865,0.6644983853311609,0.6580164231761338,0.6650037370984385,0.6595233056024621,0.8711699660651012,0.8438056830151621,0.8660151269219302,0.8534455165733392
136a69f1-2cf0-4fc6-bf40-8ed63bd3db94___RS_HL 9624.JPG,Tomato___healthy,628.5576593137257,850.7469742406765,831.25793504902,929.187420222991,0.7162385518582877,0.707240543346718,0.7102916621097992,0.7055627358160038,9.498774509803926,11.603198769703958,11.472549019607849,12.264975009611685,3.4958285375837046,3.5687572236287655,3.541947232224005,3.580776571786047,0.4868841078720477,0.48129588202922563,0.4857072368359304,0.48033607586825566,0.6977708132847401,0.6937549149586082,0.6969269953416429,0.6930628224542532,0.8812396054620247,0.8396996993723537,0.8429411862755286,0.8249197148962941
139d2f99-d25b-440d-805e-d070a399d8f1___RS_HL 0600.JPG,Tomato___healthy,560.2930453431375,709.5595540176856,550.778799019608,698.6112418300652,0.835275047969165,0.8292699497287885,0.8351729658002789,0.8301487820408334,6.681433823529414,7.7748865820838144,6.697487745098041,7.637400999615531,2.0492437387587925,2.091855957641121,2.049660029257335,2.085705636706411,0.6853382965639345,0.6776229410478714,0.6862768276614994,0.6786613000264142,0.8278516150639162,0.8231785596381087,0.8284182685464507,0.8238090191460726,0.888351617646129,0.859070207690459,0.8902475009167983,0.8612447163050002
1421f343-ba3a-424c-ac71-b5eb9ac26c10___GH_HL Leaf 201.JPG,Tomato___healthy,257.0858455882354,309.15211072664357,219.44889705882358,299.94682045367176,0.5714054462567013,0.561560012383124,0.5711997511666406,0.5614866245606668,6.476348039215688,7.382545174932718,6.2701286764705895,7.335117262591313,4.591726809952359,4.652776004498047,4.58968504643198,4.654901728356058,0.27635838668101675,0.27322273357436083,0.2769371756055364,0.2733031662473886,0.525697999502582,0.5227071202636911,0.526248207223109,0.522784053168599,0.9638842849754731,0.9565947734656773,0.9691715667562761,0.9578872042651094
14385f16-4e7f-401f-889a-8c1535ed85ba___GH_HL Leaf 503.5.JPG,Tomato___healthy,174.68210784313726,256.02743560169165,174.5483762254902,223.5319031141869,0.7722456554732415,0.7622822323534206,0.7678237330262925,0.7638783334607593,3.61890318627451,4.624498269896194,3.7979166666666675,4.392618223760093,2.662341884557566,2.7204838781032317,2.6761363367684643,2.7174084179956766,0.5537836341021934,0.5498215594776863,0.553530690663597,0.5503918423709809,0.7441664021589482,0.741499534374558,0.7439964318890225,0.7418839817457855,0.9691947942291338,0.9549682934351947,0.9692183778121953,0.9606838109155983
1457ca6a-4907-4c97-83f8-a0fa22135a27___RS_HL 0441.JPG,Tomato___healthy,850.6104779411764,950.5883275663205,924.7465073529412,1052.540530565167,0.7079783018462306,0.7025454811905394,0.7058470421264257,0.7009072254654563,12.099601715686275,12.982883506343713,12.878094362745099,13.826620530565165,3.543489143138685,3.584919689197246,3.556461568258076,3.605195996447587,0.4874793424976646,0.4819772795516347,0.4869232208240219,0.47992975723855047,0.6981972088870484,0.6942458350985151,0.6977988397984206,0.6927696278262713,0.8680575605888055,0.8529309439604793,0.8565579508114559,0.8371575394052421
14768e0c-387d-40d2-96f9-031e0a45bed5___RS_HL 9667.JPG,Tomato___healthy,571.4703125000001,724.2942252979623,544.6486825980394,680.3550019223376,0.8822923647049358,0.8769973095393506,0.882644836717272,0.877846414078149,6.181954656862745,7.241091887735486,6.021139705882353,6.913956170703576,1.4502156913156594,1.4864123630741004,1.4500264659811073,1.4845648905142816,0.7732332124457091,0.76463723505037,0.7736372291597212,0.7656862330624032,0.879336802622129,0.8744353807173918,0.8795665007034552,0.8750349896217884,0.827564921878537,0.7822115649244652,0.8356580629329807,0.7954236745384483
1479f22a-c0d6-4dac-a752-578f575f276d___GH_HL Leaf 173.5.JPG,Tomato___healthy,136.46023284313728,159.68695117262592,107.89730392156866,168.6868742791234,0.8136912729342661,0.8064459061892776,0.8146096985154274,0.8069180295502185,2.708333333333334,3.153217993079585,2.456832107843138,3.186866589773163,2.202920997488211,2.2408896334713804,2.1917247871369567,2.2414118503856413,0.6184943540955178,0.6159908375819139,0.6191939083863479,0.615701523369372,0.7864441201353837,0.7848508377914327,0.7868887522301662,0.7846665045542418,0.9736127742995443,0.9692106158038292,0.9791359691264641,0.9674753325622923
1480b935-0081-4052-a7e8-09ef0040d9b5___GH_HL Leaf 338.JPG,Tomato___healthy,185.54310661764708,262.7731795463283,198.08339460784313,258.13677816224526,0.5993524250016425,0.5834171590537165,0.5924533685959693,0.5835061009396135,4.930484068627451,6.314801999231063,5.329656862745098,6.221299500192233,4.2487138089830285,4.34689141505244,4.279890791506659,4.3407452210167445,0.2983600542243742,0.2946433553711115,0.2978319249488628,0.29474420535324797,0.546223447157273,0.5428106072757897,0.5457397960098409,0.5429034954328881,0.9765130576364959,0.9667627406775681,0.9749256474296893,0.9673491828532564
148e32de-8876-45d9-92c5-43c17d7292fa___RS_HL 0189.JPG,Tomato___healthy,312.86865808823546,376.3345482506729,298.7128982843139,380.4458900422914,0.9356423506445504,0.9332054903170718,0.9366255776628517,0.9331459647880698,3.5353553921568643,3.9852056901191855,3.4033394607843155,4.043767781622453,0.8060656707403395,0.8247845863426606,0.7988834026417128,0.8257635106389091,0.8727715376898316,0.8684162839803282,0.8744036238691258,0.8683303181679304,0.9342224240992247,0.9318885577043685,0.9350955159068649,0.9318424320495018,0.7871096912265255,0.7448720742326651,0.7967419250654615,0.7420848783499275
1528d8ea-c972-4da3-8f66-b4a0de6ace90___RS_HL 0573.JPG,Tomato___healthy,913.5177389705887,1023.4024759707801,991.6920343137255,1133.7729181084196,0.6800941507291904,0.6755039187285402,0.6790504696341995,0.6749073709414956,13.09019607843138,14.126966551326408,13.897273284313725,14.921153402537485,3.8662925811386897,3.9080165140922363,3.8785796105554837,3.917899543818008,0.44918227861955173,0.444554327358492,0.44932575054234686,0.4441646278950173,0.6702106225803585,0.6667490737590057,0.6703176489861705,0.6664567712125201,0.875017236486719,0.8603185158016844,0.8643218344700063,0.8452543474696842
1531dc0c-64d5-49f2-a78a-c7b39882a47a___RS_HL 9727.JPG,Tomato___healthy,1125.3759803921566,1242.7085274894268,1112.4211090686274,1230.7142791234141,0.7346096695778962,0.7293707928113021,0.7341055575475675,0.7288186038300333,13.578308823529412,14.497131872356782,13.503094362745097,14.356878123798541,3.210252341608537,3.2562005054341534,3.2147468497587086,3.254191099547578,0.5312209497530249,0.5234018681189223,0.530350537738265,0.5229126232317416,0.7288490582782041,0.7234651809996956,0.7282516994406982,0.7231269758705877,0.7848871549235659,0.7631270084688554,0.7873634466487832,0.76541323522982
162db449-3361-40fa-a9bf-42bb63d43781___RS_HL 9647.JPG,Tomato___healthy,954.9111825980392,1098.6963783160327,916.6683210784317,1012.8319876970397,0.7062723128482166,0.7010161561275463,0.7074647201477491,0.7033174564604732,12.642248774509802,13.73557862360631,12.371170343137258,13.13534794309881,3.533377872818719,3.578712830091126,3.523801627025927,3.5614002372667413,0.4862617368892447,0.4802928591774289,0.48801487612843497,0.4821916851250982,0.697324699755605,0.6930316437057034,0.6985806153397294,0.694400234105014,0.8552848518498274,0.8339170394810773,0.8610804917704316,0.8468966146199459
164d5472-31c5-4145-b30a-93198436539d___RS_HL 0103.JPG,Tomato___healthy,945.9861519607844,1161.570411380239,1149.2632352941175,1299.2854133025758,0.6283688277720269,0.6220462873141965,0.6258134925019955,0.6188749450443591,13.965686274509803,15.691687812379861,15.618045343137254,16.8078123798539,4.4330069005792225,4.491153473135144,4.463574736758093,4.521065984881675,0.3775538365981157,0.3719183571338089,0.3759550237307315,0.3686435815284719,0.6144540964125113,0.60985109423023,0.6131517134696204,0.6071602601689869,0.8677756916605379,0.8379826393135245,0.8393628320332573,0.8187739706699442
166b90f5-3bba-4aea-9bc4-212efb57a504___RS_HL 0377.JPG,Tomato___healthy,644.5286458333335,808.9782698961939,711.6723039215684,869.831541714725,0.8278060641117472,0.8224019421428782,0.8266782902592342,0.8217190389989985,7.834528186274511,9.14632833525567,8.477971813725489,9.516093810073048,2.1236633653542607,2.1662066747693887,2.131853112995561,2.170471233851356,0.6771450689507192,0.6691929437129808,0.6764897784064797,0.6683630581855585,0.8228882481544619,0.8180421405483832,0.8224899868122892,0.8175347443292906,0.860887798029053,0.825959234930836,0.8463958089058042,0.8128674741526165
167247af-fd67-4b70-a72e-052dc5ea863b___GH_HL Leaf 388.1.JPG,Tomato___healthy,98.12558210784313,137.8182545174933,93.22328431372553,138.0467512495194,0.6969688104942546,0.6667012618540273,0.6822231993538296,0.6687912478813095,2.6094056372549015,3.578039215686275,2.7962928921568637,3.478046905036524,3.4395691140943523,3.574067538645459,3.4945711255668,3.561837899447169,0.36977236127725055,0.3667502761854379,0.370003689681966,0.366421136873834,0.6080891063629167,0.6055991051722566,0.6082792859221543,0.6053272973142992,0.9788912096407748,0.9703970193000809,0.9799457926984406,0.9703479388326794
16927ddc-fc87-4ff2-b450-1edc2b4c6191___RS_HL 0051.JPG,Tomato___healthy,824.7760723039214,971.0160092272204,888.9034313725489,1044.7491580161475,0.7886504643855883,0.7825941140075682,0.7873803323738526,0.7806001208320933,10.1328737745098,11.272187620146099,10.6265931372549,11.842060745866972,2.5698354462478328,2.612853953207795,2.5811229807992597,2.6268660117273166,0.6136162734040842,0.6048015981786794,0.6115544346065442,0.6021979173715606,0.7833366284070241,0.7776899113262814,0.782019459224989,0.7760141218892609,0.8239735882938038,0.7933968052098358,0.8102873172099286,0.7777085941433114
170e86b9-f51d-49a6-a992-15e00c85ee5d___GH_HL Leaf 189.JPG,Tomato___healthy,378.95542279411774,451.0503806228374,328.03518688725495,422.57576316801243,0.5782634750501341,0.5736236488891298,0.5804297230642036,0.574488659512966,8.26700367647059,9.103836985774704,7.9302542892156875,8.848427527873898,4.490148220716354,4.5306622389854745,4.480872145853118,4.522529478322477,0.30232650058721416,0.2991573966834097,0.30332138208186155,0.29959506444819606,0.5498422506385028,0.5469528285724553,0.550746204782077,0.5473527787891426,0.9588993185341455,0.9511223117190891,0.9644222087910973,0.9542079392579762
1732045f-a451-4325-aa86-717a8cbdaf02___RS_HL 9698.JPG,Tomato___healthy,545.7795649509806,659.927750865052,559.5197916666667,643.0933333333332,0.771876142403356,0.7669964140515313,0.7715800424604325,0.7674474631403103,8.318627450980394,9.237800845828529,8.54261642156863,9.158016147635523,2.76513245528256,2.8059744611856425,2.7638412983599254,2.7987309654695562,0.5830251558942554,0.5766484694837599,0.5834228149554865,0.5778634415740198,0.7635608396809356,0.7593737350499817,0.7638211930520693,0.7601732970672015,0.9042383482627342,0.8845421882638778,0.9018275089971476,0.8874874576627122
185440e0-ca0a-4cd6-aba7-d03fae21552f___RS_HL 0141.JPG,Tomato___healthy,801.4661151960788,985.9824990388313,917.3959558823531,1016.7761630142254,0.7058545756871482,0.6995817504597193,0.7036982266137657,0.6994479842875017,11.498958333333338,13.010688196847367,12.53854166666667,13.273633217993082,3.570789738569186,3.625384248027278,3.5896713406369667,3.6271120129673937,0.48333875293137707,0.47620842532247015,0.4822316452431156,0.47644185176464077,0.6952256848904369,0.6900785646015025,0.6944290066256705,0.690247674218929,0.8676086280867441,0.8375568562699295,0.8484585849805718,0.8324835212076879
188107b9-d61f-4084-94da-4d5f8d9eedc1___RS_HL 0553.JPG,Tomato___healthy,68.99595588235294,86.30680507497118,64.97509191176471,88.42125336409076,0.9925219882405587,0.991917587649728,0.9924777826616601,0.9919093895555212,0.5458639705882353,0.6544867358708191,0.5324448529411765,0.6724490580545945,0.09627620203732445,0.10144834595238766,0.0958604154629859,0.10221684787992895,0.9846793209136059,0.98367360875161,0.9847705244733845,0.983551591386568,0.9923100931229138,0.9918032106983774,0.992356047229715,0.9917416958999798,0.7268155423783397,0.6596018273583248,0.7427358601553496,0.6512623420403781
190a6af7-d7b1-4265-b05b-c126a7962c93___GH_HL Leaf 408.JPG,Tomato___healthy,305.4352634803922,369.9187389465591,307.00459558823536,370.38191464821216,0.5826858255636714,0.5754380039836116,0.5811131463185307,0.575320886548007,7.477512254901962,8.275617070357555,7.576593137254903,8.3118492887351,4.4595514089645745,4.503249356495697,4.465153356654875,4.504731564929011,0.29921597373343495,0.295931856451863,0.2993150527291186,0.29603196712115415,0.5470063744906771,0.5439961915784549,0.5470969317489531,0.5440881979248899,0.9620842392836088,0.954117712804913,0.9618894273944787,0.9540602635374724
196e5fd8-8b4e-4a45-9db7-ae59c877e9a7___GH_HL Leaf 284.JPG,Tomato___healthy,125.42068014705885,174.3648135332565,118.83137254901965,154.82116109188772,0.6347310950129389,0.6161038664185696,0.6276766016851327,0.6180628908649226,4.175122549019608,5.220238369857748,4.322181372549021,5.026220684352172,4.021944619728766,4.123685613903319,4.051275196013195,4.112680737879181,0.32661031098972604,0.3228628574967692,0.32692803570235174,0.3240350912264099,0.5714983035755452,0.5682102229780535,0.5717762112071049,0.5692408024961052,0.9670838113928536,0.9542928287073694,0.9688131505371899,0.9594159097448798
1971e05b-fc5e-40c1-a4ff-c6a4c746693f___GH_HL Leaf 237.JPG,Tomato___healthy,288.88026960784316,361.7352095347943,254.46819852941184,334.80618223760086,0.5643689622407316,0.5557942494644249,0.5652341800411044,0.557376654690371,7.211305147058825,8.180699730872739,6.9519607843137265,7.968873510188388,4.7122987065350666,4.770746552789243,4.702466946076976,4.766003633650481,0.2751634192255908,0.27196935623937835,0.2757910998680646,0.27216262647628636,0.5245602150617131,0.5215068132243129,0.5251581665251571,0.5216920801356739,0.9681849512489237,0.9601834181933032,0.9719748318124942,0.9631475250595728
19787f8b-a78e-4cf2-8fb2-3aae59b20c47___RS_HL 0456.JPG,Tomato___healthy,726.2979473039213,919.9172933487118,773.2188725490195,878.1163552479816,0.8213826222864484,0.8138037663198803,0.8197042123322738,0.8142292159295935,8.662622549019606,10.037277970011532,9.018075980392155,9.781930026912727,2.213564122460002,2.2661851257842383,2.2255038184426503,2.2656491327863817,0.6663726494542361,0.6552771313077023,0.6637995100479678,0.6556008135161101,0.8163165130353766,0.8094918969994093,0.8147389214024133,0.8096918015616251,0.8426864679033758,0.8013967623680479,0.8325235636752308,0.8104212710960418
199f4f32-6e91-4031-b861-bac1abe3452a___RS_HL 9763.JPG,Tomato___healthy,193.06908700980398,230.07618608227605,134.53826593137256,214.65799307958474,0.969357803796929,0.9682010990849156,0.9709573467854586,0.9686526108065197,1.8939950980392166,2.1443444828911957,1.498682598039216,2.061422529796232,0.38616261660868756,0.39636001246592206,0.3732187110287338,0.39303399694462854,0.93847702841812,0.9363637222899962,0.94126887478768,0.9370483594500743,0.9687502404738385,0.9676588873616551,0.9701901230107839,0.9680125822788019,0.776712917522459,0.7349278226283055,0.8444046255842176,0.7526912168324276
20024ad7-62d7-492c-aa7c-5a139a9a2aff___GH_HL Leaf 416.JPG,Tomato___healthy,162.3209865196078,216.4763398692811,135.25625000000002,194.50752787389467,0.7139164264380429,0.7029075656137329,0.714562842263222,0.7046794798933078,3.835386029411764,4.660668973471743,3.5627757352941183,4.425098039215687,3.1528057476635496,3.208711441301989,3.1399532108303934,3.2000564707406465,0.45388657783646147,0.45043927368898573,0.45446592595658836,0.4507916189334211,0.6737110492165477,0.671147728662614,0.6741408799031463,0.6714101719019612,0.9730749613342208,0.9641667513461211,0.9775643320120013,0.9678032406887275
20249fbb-29c5-40fb-985e-5a0b9f0e67b1___RS_HL 0117.JPG,Tomato___healthy,626.9358149509802,707.4835524798153,670.526868872549,769.4381853133409,0.6699857506408237,0.6636183462239954,0.6686571595140587,0.6631376028738323,10.918933823529409,11.809673202614377,11.436611519607842,12.295763168012304,3.90033563206673,3.949084499721972,3.90763581954102,3.95580246559348,0.4311177952937644,0.4246689694511662,0.43137905791098213,0.424808948381578,0.6565956101694287,0.6516663022215943,0.6567945324916934,0.6517736941466555,0.889802460754651,0.8759182614811103,0.8821348472134767,0.8650523713493355
202825fe-3d0b-4c86-aea3-15604e2efed4___RS_HL 9694.JPG,Tomato___healthy,799.2984068627457,937.2771395617069,929.3303002450987,1001.1367320261437,0.6139105461471436,0.6098925729825169,0.6123094075755613,0.6090595029256705,13.631464460784322,14.945359477124182,14.871262254901971,15.445536332179927,4.542350485465929,4.590194549085169,4.561655627460709,4.597396723316347,0.36188933903783277,0.3576166843232002,0.3615387522555558,0.35770841847862306,0.6015723888592567,0.5980106055273604,0.6012809262362775,0.5980873000479303,0.8786755079546115,0.857999218756027,0.8589381316770389,0.8483242660263445
203dd699-5df7-4f6d-ad63-d1557033f04a___RS_HL 9788.JPG,Tomato___healthy,867.8164522058823,1147.0640830449825,1061.6481004901962,1222.532041522491,0.7267730367217357,0.7178967075565426,0.7217597324760741,0.7159765646488163,11.260998774509803,13.462114571318722,12.869148284313725,14.00950403690888,3.315075864041843,3.3791272231163028,3.3495869999712715,3.3933741951156176,0.5133987884345491,0.5035684776845507,0.5096739758202222,0.5012363097563542,0.7165185192544217,0.7096255897898206,0.7139145437797315,0.7079804444731184,0.8616300751057221,0.8176014009640666,0.8307243422183208,0.8056009817182137
221b0575-215a-430d-a728-60020b7ad160___GH_HL Leaf 340.JPG,Tomato___healthy,154.90376838235295,195.0232679738562,138.85631127450984,192.5956170703576,0.6983946833934986,0.689733440096505,0.6984668537112236,0.6901210683841964,4.228921568627452,4.937762399077279,4.108394607843138,4.870865051903115,3.297902688559148,3.348014574154499,3.2946117047047583,3.3433906098869457,0.4340698824145161,0.4308447988463314,0.4345939977074623,0.4309666307919012,0.6588398002659798,0.6563876894384381,0.6592374365184841,0.6564804877465142,0.9674562248009441,0.9591083527470423,0.970827639467533,0.9596173722370269
22356f83-9bb2-4b42-9283-bbf8e0dffba0___RS_HL 0430.JPG,Tomato___healthy,1020.3568321078433,1377.4471049596305,1156.7011029411767,1187.810626682045,0.6555108756386893,0.6453924058930366,0.652756810868702,0.6470834240907344,13.495220588235295,16.05324106113033,14.581740196078435,14.851180315263358,4.200724966657684,4.276055189697153,4.217620162572743,4.2508799768947245,0.40563634359850337,0.3976717860711009,0.4054013513244607,0.39992482824974435,0.636895865584401,0.6306122311461306,0.6367113563652377,0.6323961007546965,0.860722826064974,0.8124272724471996,0.8421120380285285,0.8382508640362768
223cb57a-b9b7-4c9a-b03e-701a8548ff4d___GH_HL Leaf 248.JPG,Tomato___healthy,265.7484068627451,305.4039523260284,233.44469975490202,313.2285428681276,0.6320574747769407,0.626990429163908,0.6323460880551356,0.6260701990126334,6.667585784313728,7.254963475586312,6.425030637254904,7.40625913110342,4.053660101467244,4.089185588625398,4.042509855863739,4.094919077470786,0.3628644155511852,0.3603027288620099,0.3639169290404007,0.36008056097668023,0.6023822835635069,0.6002522210387979,0.6032552768442234,0.6000671303918256,0.9605006825767658,0.954658681045647,0.9652903854325579,0.9534970154786021
225003c5-d8a1-48ce-b315-42df4b99c51a___RS_HL 0464.JPG,Tomato___healthy,886.6039522058824,976.4434602076127,911.1330575980395,979.6435832372167,0.5959919592005949,0.5894157299281562,0.5949171258614995,0.5903036533799912,14.085569852941177,15.071526336024611,14.356832107843141,14.875263360246063,4.823882879766355,4.874777115162987,4.825670446402047,4.869503802405156,0.3306570885118178,0.326629706345754,0.33155546511745804,0.3261732676974418,0.575027902376761,0.5715152721894263,0.575808531646986,0.5711158093569481,0.8965684884521343,0.8862880287216507,0.8937069148697978,0.8859153575810683
23467438-6237-4b34-acde-80a3129e4b5d___GH_HL Leaf 187.JPG,Tomato___healthy,354.20251225490205,428.68493656286034,332.5957414215686,408.73799307958467,0.5369544482038517,0.5304282847976401,0.5365591115959718,0.5311231424443319,8.486427696078433,9.587604767397153,8.514307598039217,9.331180315263358,4.889395317392305,4.942709704207392,4.893107041266036,4.936532189849325,0.2525961114809358,0.24943541834159833,0.2529329408310506,0.2495438923987624,0.5025894064551458,0.4994350992287169,0.5029243887813064,0.4995436841746299,0.9572601615261598,0.948285755537703,0.9598673420610434,0.9506920474868453
236971d6-725b-4685-9336-550dd522d62a___RS_HL 0640.JPG,Tomato___healthy,264.1351715686275,362.4192233756247,256.7795343137256,344.9319492502883,0.9175909622069826,0.9141921647638722,0.9170961449112285,0.9142980125408385,3.113878676470589,3.850242214532873,3.108670343137256,3.798108419838523,1.0441349031537634,1.0692568469556716,1.048019013811545,1.068988393518385,0.8349798275406025,0.8300413452904063,0.8342521453352911,0.830181437269935,0.9137723061795003,0.9110660488078821,0.9133740445925158,0.911142929111528,0.8995782487817529,0.8627064659342207,0.9023747940887511,0.8693310860177867
23726cb5-c36a-4016-aa3b-e60e32a0d9ec___RS_HL 9717.JPG,Tomato___healthy,918.0098039215688,982.9492656670515,886.2746323529414,952.2451980007688,0.5990108944505623,0.5953684082810116,0.6000871217847578,0.5958760475304854,14.801654411764709,15.445720876585934,14.58449754901961,15.143344867358707,4.697242144308685,4.730075941045408,4.689356317765356,4.728510371479145,0.3434973539933935,0.3400711363934345,0.3447012361954013,0.3397484933854882,0.5860864731363398,0.5831561852483728,0.5871126264997213,0.5828794844438155,0.8705150950294821,0.8615916880867891,0.8749913279163567,0.8659151036719009
237ec7d7-d96f-434d-8a94-250ec92c8e86___RS_HL 0457.JPG,Tomato___healthy,843.9030330882355,946.7088965782395,874.2074754901962,1080.5795309496348,0.7782946039126315,0.7725745820687533,0.7772784809506761,0.771394187743939,10.41308210784314,11.223744713571708,10.73731617647059,12.141237985390235,2.733412168934406,2.7737985571532384,2.737138936428318,2.7848003036019935,0.5955353089434883,0.5882665481779482,0.5956297550399413,0.5867580208777242,0.7717093422678569,0.7669853637312437,0.7717705326325573,0.7660013191096502,0.8509776202828588,0.8333279969986374,0.8456262470258922,0.8097595200841503
24069ab0-7106-40d0-bdca-e462a49d34dd___RS_HL 0267.JPG,Tomato___healthy,494.560631127451,569.9157247212612,498.45674019607867,603.756862745098,0.8203814223916291,0.8169607816555584,0.8204743744404097,0.8166137754462925,7.142800245098039,7.692579777008845,7.200367647058826,7.94814302191465,2.201263527523369,2.225738815177709,2.1980011735812153,2.2311505934179703,0.6636497480545721,0.6592408750604754,0.6643736475350909,0.658267396933218,0.8146470082523916,0.8119364969383229,0.8150911897052322,0.8113367962401422,0.9057917835701744,0.8917766061783009,0.9050496187813304,0.8853503879694253
240a9583-9e6a-446d-8850-62bc23312ce9___GH_HL Leaf 312.4.JPG,Tomato___healthy,268.16537990196076,343.09973087274125,244.67221200980393,312.2924106113034,0.6110525108571646,0.6022772120442355,0.6115957304930834,0.6042867788742469,6.4589460784313735,7.439938485198,6.304473039215686,7.153556324490582,4.182535815120577,4.236438580038892,4.179422965189877,4.226307995300527,0.3311538820659047,0.32756145196572856,0.3315951664802524,0.3283017758674132,0.5754597136775994,0.5723298454263316,0.575843005063231,0.5729762437199409,0.9661026614202555,0.9566804933486097,0.9690723059979497,0.9605702017770664
24336aa8-a0ad-404e-9669-3661d9920aec___GH_HL Leaf 435.1.JPG,Tomato___healthy,167.60287990196085,236.8748942714341,150.24721200980395,204.49808535178784,0.6525770631441754,0.6399341164918576,0.6513291560544293,0.6413020201311522,4.634834558823531,5.689257977700885,4.4921568627451,5.390357554786624,3.8403104362916887,3.9137151092338827,3.8351314788885356,3.9005655545553335,0.3685636991613053,0.36469472265495145,0.36899094983093217,0.36556928197698796,0.6070944730116601,0.6038995965017293,0.6074462526272857,0.6046232562323318,0.9747075541025605,0.9643081920108195,0.9773266456804203,0.9691866610896835
247e79d6-1874-4ce4-a777-a03a4f94edbf___GH_HL Leaf 211.1.JPG,Tomato___healthy,228.5689950980393,300.28441368704347,253.13063725490213,316.30874279123424,0.5711654314095082,0.5581280232751555,0.5661915897368862,0.5581228131283164,6.400888480392159,7.537377931564784,6.836948529411768,7.682429834678971,4.513745660750176,4.576243247218795,4.536701544400106,4.584945464243539,0.271454840648729,0.26779915239768937,0.2706992705864709,0.26732149953859463,0.5210132826029764,0.5174931423677896,0.520287680602252,0.5170314299330309,0.9564859812629339,0.9428634276016398,0.9518100375437591,0.9398144007515451
249797c6-648f-4df5-ab87-a0b82eb08801___GH_HL Leaf 495.JPG,Tomato___healthy,160.55563725490197,191.06029988465977,129.51951593137255,207.3795924644367,0.7606002546312387,0.752668676320891,0.762141684955195,0.7522395647763138,3.2857536764705886,3.828373702422146,3.0015931372549014,3.970657439446366,2.7337986794600817,2.7791228995374695,2.7205333459944567,2.784969399284096,0.5301616606809506,0.5273316830645538,0.5306543907391388,0.5266840939685311,0.7281220094743398,0.726176068914801,0.7284602876884496,0.7257300420738632,0.9748220282889428,0.9701135320202624,0.9796890426028914,0.9675607985877702
2503cc16-ff09-4437-9d4b-4316e2c32764___GH_HL Leaf 235.JPG,Tomato___healthy,167.67110906862752,199.49188773548636,139.30036764705886,208.16928873510182,0.7459381326382389,0.7392464884333182,0.7460667570535069,0.7388331414057544,3.9330269607843147,4.525090349865437,3.7358762254901974,4.599338715878508,2.8474610282937016,2.886334488076263,2.842265426583047,2.8917409204613307,0.5153668061534703,0.5126298386108561,0.5161146757191124,0.5121674813209544,0.7178905251871418,0.7159817306404236,0.7184112163093728,0.7156587743617445,0.97015368007301,0.9645759198891652,0.9752038179872732,0.9630350605005781
25080b1c-6c0f-4b11-bb31-b5cfb2429395___GH_HL Leaf 238.JPG,Tomato___healthy,327.443137254902,424.25587081891587,317.5786458333334,353.41151864667427,0.6071866879286052,0.6009735307032553,0.6074692784890233,0.6038168911109912,7.648774509803923,8.634217608612074,7.577083333333334,8.037216455209533,4.249874770264389,4.30068019583309,4.249272395972908,4.278072638556692,0.33501093857474445,0.32991292220290275,0.33488672170672035,0.33224857987220174,0.5788012945517178,0.5743804681593053,0.5786939793247553,0.5764100796066995,0.957887336800489,0.9455027332668088,0.9591560151070605,0.9546029575004028
256a65aa-690c-4e03-b426-21e84bb9b6dd___GH_HL Leaf 477.1.JPG,Tomato___healthy,135.22233455882355,189.51597078046905,120.26338848039214,184.34983467896964,0.7323242552646368,0.71415954783642,0.7260126343715408,0.7141565703595073,2.9119485294117653,3.7943867743175703,2.9267769607843137,3.7249365628604387,2.983157948922214,3.063490451479574,2.9993397938217212,3.061922962613806,0.4530299646714156,0.4495810662831747,0.4531212967077342,0.4494581853222099,0.6730750067202136,0.6705080657853227,0.6731428501497541,0.6704164267992021,0.9806151114264247,0.9728877559001694,0.9827595611865519,0.9736268257656796
2605218e-e8bf-43d8-8b00-52058e9f0f25___RS_HL 9893.JPG,Tomato___healthy,1027.1900428921572,1093.253825451749,1001.6468750000001,1067.6889196462898,0.633358162864278,0.6294375854376074,0.633872356009244,0.63011317634429,15.042800245098041,15.60209150326797,14.867708333333336,15.411733948481357,4.337467585566881,4.376578254744096,4.332110091870801,4.3678105799092375,0.38769203992680107,0.3824015894280154,0.3882072516195319,0.3837339303887644,0.6226492109742058,0.6183862784926711,0.623062799097757,0.6194626141977936,0.8364583785059386,0.8262988116360744,0.8405251732768619,0.8303606812727852
264a08a7-74a4-4492-aff1-8a3ab8b35c46___GH_HL Leaf 314.1.JPG,Tomato___healthy,206.9786458333334,253.33868512110723,191.27003676470588,252.39381776239912,0.6924980931468897,0.685462741327065,0.6919193218044966,0.6863482125193958,5.337561274509805,6.104421376393694,5.299111519607843,6.054871203383316,3.401040133190742,3.44647124393905,3.4037905147775924,3.447958271592912,0.4445651365967268,0.44094079889126714,0.44483020423147035,0.4406551437569999,0.6667571796364302,0.6640337332479933,0.6669559237546888,0.6638186075706223,0.9510853606697738,0.9402542247123598,0.9547977288895856,0.9404770561873991
267fd403-bea5-4a99-ae97-ea1c272623a1___GH_HL Leaf 440.1.JPG,Tomato___healthy,115.17677696078435,163.19304882737407,121.2352634803922,163.2143637062668,0.7145082295617818,0.7010388714414458,0.7111955334174116,0.7001097305172792,3.405575980392158,4.260607458669742,3.546568627450982,4.268266051518646,3.204369688596294,3.272175097023222,3.2139216852011354,3.273859474012561,0.4444301591438316,0.44034575599453724,0.4435492044263327,0.4402635331012337,0.6666559526051137,0.6635855302781528,0.6659948981984267,0.6635235738850833,0.9780470084434862,0.9689584594698485,0.9768922452445171,0.9689544050895806
271be296-4c0b-4817-a44b-cc9611d3f519___GH_HL Leaf 182.1.JPG,Tomato___healthy,253.69552696078438,338.080030757401,244.7482230392158,315.0772472126105,0.6886181866103595,0.6807586821339857,0.6874539066385195,0.68249685876654,5.411274509803922,6.4525028835063445,5.4510723039215705,6.20232218377547,3.4702924735415803,3.52746950428897,3.477595340354944,3.5175618870312797,0.43667620338049823,0.43252627805145755,0.4363314595235308,0.43313400042363825,0.6608148026342163,0.6576673004273951,0.6605539035714881,0.6581291669753273,0.9664984184534321,0.9554443738933629,0.9676799482799185,0.9584759147410656
273f3e74-dbdc-40bc-8507-3bdd3ce24134___RS_HL 0149.JPG,Tomato___healthy,969.4273897058823,1223.6583160322953,1125.7522977941173,1351.857408688966,0.6831169226587975,0.6745976992033261,0.6805272649529541,0.6732632885300593,13.087224264705883,15.014317570165325,14.374111519607839,15.959892349096503,3.790137610659993,3.8560816239402658,3.817232391925472,3.8720678729132745,0.4522077752406301,0.4420189918377888,0.4499033133665535,0.4408134294309955,0.6724639583209127,0.6648450886016899,0.6707483234168785,0.6639378204553462,0.8681640053446362,0.8339917589258866,0.8469048063926926,0.8165995624275718
275d05cf-89de-45bc-9928-ac6f242c9dd7___RS_HL 0572.JPG,Tomato___healthy,821.6044424019606,1026.7713648596696,838.2489276960786,881.0305574778934,0.7096670504718945,0.7026503930231284,0.710539917209139,0.705888498292554,11.585294117647056,13.222422145328721,11.745281862745102,12.065390234525186,3.5063430644755953,3.563866971236169,3.5016225612947918,3.5372247070137446,0.4887003502117948,0.4807197243659133,0.4906507855348979,0.4839875584480048,0.6990710623475949,0.6933395447873382,0.7004646925683677,0.6956921434427765,0.8575716079651416,0.8224736605672915,0.8546862203572578,0.8476719013109746
2763797b-4786-41ef-8ff1-73b088f9973c___GH_HL Leaf 231.JPG,Tomato___healthy,243.1172487745099,311.2840292195309,252.1951286764707,318.3084352172242,0.629724523611548,0.6202827145265434,0.6274067726939382,0.6208987968889327,6.198314950980393,7.144236831987696,6.360968137254906,7.189788542868128,4.056936603443065,4.109317847721959,4.0647083813729985,4.1122367635895,0.35272822889352207,0.34916002761780446,0.3525267806120994,0.3489237008035681,0.5939092766521854,0.5908976456356926,0.5937396572674756,0.5906976390705893,0.9671396179409125,0.9579837383366296,0.9659126272466334,0.9570356033450309
28200010-ba2b-41f7-9dff-94d86019488e___GH_HL Leaf 366.JPG,Tomato___healthy,180.20125612745102,242.69237985390237,163.00180759803925,230.56621299500188,0.6152629600116238,0.5907788412995827,0.6038723557693705,0.5909397745112336,4.0561274509803935,5.293102652825836,4.243198529411766,5.23349480968858,4.166177152701746,4.293167316569686,4.2052172777182175,4.291740920664079,0.2882359055251813,0.28497508399233057,0.28843974065432326,0.28489348558897193,0.5368760616056385,0.5338305761122443,0.5370658624920441,0.5337541433927908,0.9799519329549207,0.9730169785608781,0.9818654362493271,0.97436518990779
283a4ff6-4a72-498d-b5fc-df970b8b4b83___RS_HL 9643.JPG,Tomato___healthy,509.93256740196085,647.4862283737023,492.2372549019609,584.405997693195,0.8691342168431756,0.864300870298456,0.870442075411576,0.8658790904477826,6.066727941176471,7.141345636293732,6.012346813725491,6.62954248366013,1.6245620984353257,1.6613332216311218,1.6145371421932273,1.6491502070847697,0.7490706134988275,0.7413901653476369,0.7513259540398,0.7437752454657297,0.865488655904182,0.8610401647702834,0.8667906056481,0.8624240519986266,0.8369546579299093,0.7936848569075096,0.8426125399010475,0.813784754401615
285e95b9-fe77-43a7-85ab-5ef37ae162f8___RS_HL 0047.JPG,Tomato___healthy,582.2960477941176,803.5996616685889,704.9752144607843,818.326889657824,0.776576947176236,0.7690364354054474,0.7744176179168283,0.7707129567281669,8.341973039215686,10.186851211072664,9.521047794117646,10.272910419069593,2.731067178964909,2.7891752423408316,2.752610404597739,2.784097873621641,0.590887484962965,0.5820091463949112,0.5892165382088996,0.5839577786380632,0.7686920612071944,0.7628952394627398,0.7676044151833024,0.7641713018937987,0.8986069423857566,0.86048384324422,0.8772452727315966,0.8579269901907257
291a778d-bfbd-450e-98a8-d8276a9a5cf2___GH_HL Leaf 486.1.JPG,Tomato___healthy,183.1694546568628,234.8989773164167,177.74736519607848,244.96196847366406,0.731425529454922,0.7210594096103535,0.7296278487215493,0.7209289710243346,4.166636029411766,4.921953094963475,4.216053921568628,4.987989234909652,3.062607366968717,3.115710337722437,3.070146206135015,3.117590685088674,0.4849326793490259,0.48102796413587695,0.48467564272999725,0.48077211352626487,0.6963710787712438,0.6935617954702212,0.6961864999624722,0.6933773240640805,0.9694423255383624,0.960901890617241,0.9703468783468798,0.9592269410986072
29265f8d-86ff-4de1-b1ad-e33a64b189dc___RS_HL 0264.JPG,Tomato___healthy,746.6215073529413,938.460592079969,814.2803002450983,829.4507650903498,0.6936931922958751,0.6890155140618295,0.6928157111381253,0.690290334274361,11.463725490196081,12.980607458669741,12.07248774509804,12.179346405228758,3.702115041569664,3.7474315522731594,3.709656497943647,3.7347144638207452,0.46695176338333666,0.462302777995805,0.467370300410299,0.4632025050549124,0.6833386886334891,0.6799285094741984,0.6836448642462686,0.6805898214452758,0.9048325377218043,0.8806715461324635,0.8962084684217099,0.8945325161303709
29289230-4809-46cd-ba98-77af06af3f32___RS_HL 9651.JPG,Tomato___healthy,1218.0505821078434,1408.4041522491352,1244.6877450980396,1387.750803537101,0.6570709197237906,0.6506691196267871,0.655653236433926,0.650628688989245,15.682965686274514,17.146728181468667,15.899693627450985,16.855578623606306,4.096938236824281,4.148778439473212,4.103401123721789,4.144648761681002,0.4197650462102542,0.4124692198206675,0.41893195680635154,0.4124693494250946,0.6478927736981284,0.6422376661491191,0.6472495321020723,0.6422377670497855,0.8374737319883675,0.8124962636336132,0.8339194964296749,0.8152458863507858
293dddf9-f5e5-42de-ab68-f1cad0f69a43___GH_HL Leaf 232.JPG,Tomato___healthy,288.4743259803922,334.6144405997693,277.2964154411766,347.68449058054597,0.6552260553711943,0.6499841364631517,0.6547410624725233,0.6504301873047631,6.781893382352943,7.445936178392925,6.798958333333334,7.520584390618993,3.7956658858164625,3.833700658881236,3.799051781085854,3.837206273266066,0.39849559556608344,0.3954896343212862,0.3987851897829636,0.39489037301330737,0.631265075515891,0.6288796660103475,0.6314944099380165,0.6284030338988724,0.9595236426637556,0.9531315000125961,0.9610920356211536,0.951300815012088
2956235c-12ff-403f-be91-60868a42ad3e___RS_HL 9849.JPG,Tomato___healthy,973.4030637254901,1073.7114033064206,1011.1461397058827,1041.9107420222992,0.58686477490419,0.5813600967491063,0.5848558624426695,0.5813534519420475,15.49751838235294,16.522783544790467,15.932567401960789,16.118354479046523,4.808753853974887,4.852629214918466,4.819802208404741,4.854995234588033,0.32851142305449665,0.32385925976183133,0.32740609244904306,0.322897716002821,0.5731591603163092,0.5690863377044219,0.5721941038223333,0.568240896102015,0.8386910710636986,0.8223550817214179,0.8324364213835787,0.8276164823711888
